config,tightness,seed,iteration,found_solution,feasible_original,ub_cost,optimal_cost,cost_ratio,iter_time_ms,cum_time_ms,erca_with_ub_exp,erca_with_ub_time_ms,total_speedup
"10x10/2r",1.2,123,1,1,0,3644,3776,-1,0.6738,0.777,-1,-1,-1
"10x10/2r",1.2,123,2,1,0,3455,3776,-1,0.6536,1.5478,-1,-1,-1
"10x10/2r",1.2,123,3,1,0,3644,3776,-1,0.6575,2.3263,-1,-1,-1
"10x10/2r",1.2,123,4,1,0,3455,3776,-1,0.6497,3.0993,-1,-1,-1
"10x10/2r",1.2,123,5,1,0,3644,3776,-1,0.6252,3.8395,-1,-1,-1
"10x10/2r",1.2,2024,1,1,1,2494,2494,1,0.562,0.6578,0,0.3093,0.420432
"10x10/2r",1.2,999,1,1,0,3815,3915,-1,1.0385,1.2473,-1,-1,-1
"10x10/2r",1.2,999,2,1,0,3666,3915,-1,0.9421,2.3408,-1,-1,-1
"10x10/2r",1.2,999,3,1,0,3815,3915,-1,0.8183,3.3,-1,-1,-1
"10x10/2r",1.2,999,4,1,0,3666,3915,-1,0.8907,4.3309,-1,-1,-1
"10x10/2r",1.2,999,5,1,0,3815,3915,-1,0.8086,5.2821,-1,-1,-1
"10x10/2r",1.5,42,1,1,0,3048,3119,-1,0.6537,0.7465,-1,-1,-1
"10x10/2r",1.5,42,2,1,0,3080,3119,-1,0.754,1.599,-1,-1,-1
"10x10/2r",1.5,42,3,1,0,3080,3119,-1,0.6988,2.4103,-1,-1,-1
"10x10/2r",1.5,42,4,1,0,3042,3119,-1,0.6949,3.2125,-1,-1,-1
"10x10/2r",1.5,42,5,1,0,3080,3119,-1,0.64,3.9426,-1,-1,-1
"10x10/2r",1.5,123,1,1,0,2352,2523,-1,0.5498,0.6364,-1,-1,-1
"10x10/2r",1.5,123,2,1,1,2523,2523,1,0.6383,1.3522,0,0.2708,0.376956
"10x10/2r",1.5,7,1,1,1,2459,2459,1,0.7,0.789,0,0.2939,0.702743
"10x10/2r",1.5,2024,1,1,1,2494,2494,1,0.4727,0.5683,0,0.2815,0.413862
"10x10/2r",1.5,999,1,1,0,3063,3253,-1,0.5117,0.6006,-1,-1,-1
"10x10/2r",1.5,999,2,1,0,3206,3253,-1,0.6097,1.2905,-1,-1,-1
"10x10/2r",1.5,999,3,1,0,3206,3253,-1,0.5724,1.948,-1,-1,-1
"10x10/2r",1.5,999,4,1,0,3206,3253,-1,0.5495,2.5714,-1,-1,-1
"10x10/2r",1.5,999,5,1,0,3206,3253,-1,0.5732,3.2262,-1,-1,-1
"10x10/2r",2,42,1,1,0,2829,2899,-1,0.4994,0.5909,-1,-1,-1
"10x10/2r",2,42,2,1,0,2859,2899,-1,0.5245,1.1913,-1,-1,-1
"10x10/2r",2,42,3,1,0,2897,2899,-1,0.6077,1.8789,-1,-1,-1
"10x10/2r",2,42,4,1,0,2897,2899,-1,0.5956,2.5674,-1,-1,-1
"10x10/2r",2,42,5,1,0,2897,2899,-1,0.5974,3.2495,-1,-1,-1
"10x10/2r",2,123,1,1,1,2168,2168,1,0.71,0.7971,0,0.2896,0.351247
"10x10/2r",2,7,1,1,1,2166,2166,1,0.5,0.5916,0,0.298,0.431879
"10x10/2r",2,2024,1,1,1,2494,2494,1,0.4796,0.5667,0,0.2718,0.437209
"10x10/2r",2,999,1,1,1,2914,2914,1,0.4971,0.587,0,0.2759,0.431916
"10x10/2r",3,42,1,1,1,2829,2829,1,0.4883,0.5776,0,0.2821,0.429103
"10x10/2r",3,123,1,1,1,2168,2168,1,0.5349,0.621,0,0.2699,0.432484
"10x10/2r",3,7,1,1,1,2166,2166,1,0.4891,0.5754,0,0.2721,0.439882
"10x10/2r",3,2024,1,1,1,2494,2494,1,0.7295,0.8129,0,0.3012,0.325734
"10x10/2r",3,999,1,1,1,2914,2914,1,0.4915,0.5809,0,0.2765,0.447749
"10x10/2r",5,42,1,1,1,2829,2829,1,0.5176,0.6058,0,0.2823,0.418084
"10x10/2r",5,123,1,1,1,2168,2168,1,0.4849,0.5715,0,0.2761,0.451982
"10x10/2r",5,7,1,1,1,2166,2166,1,0.4859,0.5731,0,0.2759,0.43616
"10x10/2r",5,2024,1,1,1,2494,2494,1,0.4717,0.5572,0,0.264,0.432172
"10x10/2r",5,999,1,1,1,2914,2914,1,0.4856,0.572,0,0.2734,0.427017
"15x15/2r",1.2,42,1,1,0,4348,4968,-1,1.2532,1.4855,-1,-1,-1
"15x15/2r",1.2,42,2,1,0,4454,4968,-1,1.2646,2.927,-1,-1,-1
"15x15/2r",1.2,42,3,1,0,4348,4968,-1,1.268,4.3983,-1,-1,-1
"15x15/2r",1.2,42,4,1,0,4454,4968,-1,1.3105,5.8959,-1,-1,-1
"15x15/2r",1.2,42,5,1,0,4348,4968,-1,1.2154,7.3082,-1,-1,-1
"15x15/2r",1.2,7,1,1,0,4800,4916,-1,1.3285,1.5893,-1,-1,-1
"15x15/2r",1.2,7,2,1,0,4331,4916,-1,1.4911,3.2409,-1,-1,-1
"15x15/2r",1.2,7,3,1,0,4800,4916,-1,1.2917,4.7463,-1,-1,-1
"15x15/2r",1.2,7,4,1,0,4331,4916,-1,1.5038,6.4335,-1,-1,-1
"15x15/2r",1.2,7,5,1,0,4800,4916,-1,1.3166,7.9478,-1,-1,-1
"15x15/2r",1.2,2024,1,1,0,4319,4457,-1,1.3307,1.5415,-1,-1,-1
"15x15/2r",1.2,2024,2,1,0,4374,4457,-1,1.5685,3.2952,-1,-1,-1
"15x15/2r",1.2,2024,3,1,0,4319,4457,-1,1.3239,4.8355,-1,-1,-1
"15x15/2r",1.2,2024,4,1,0,4374,4457,-1,1.6344,6.6947,-1,-1,-1
"15x15/2r",1.2,2024,5,1,0,4319,4457,-1,1.3443,8.2864,-1,-1,-1
"15x15/2r",1.2,999,1,1,0,6144,6257,-1,1.2229,1.4828,-1,-1,-1
"15x15/2r",1.2,999,2,1,0,6144,6257,-1,1.2839,2.9442,-1,-1,-1
"15x15/2r",1.2,999,3,1,0,5930,6257,-1,1.5095,4.6572,-1,-1,-1
"15x15/2r",1.2,999,4,1,0,6144,6257,-1,1.3268,6.2165,-1,-1,-1
"15x15/2r",1.2,999,5,1,0,5930,6257,-1,1.4829,7.8912,-1,-1,-1
"15x15/2r",1.5,42,1,1,1,3544,3544,1,1.4514,1.6536,0,0.6386,0.346959
"15x15/2r",1.5,123,1,1,1,4388,4388,1,1.509,1.7405,0,0.6617,1.2061
"15x15/2r",1.5,7,1,1,1,3051,3051,1,1.1333,1.3447,0,0.8479,0.378637
"15x15/2r",1.5,2024,1,1,0,4076,4128,-1,1.1643,1.3878,-1,-1,-1
"15x15/2r",1.5,2024,2,1,0,4076,4128,-1,1.0892,2.639,-1,-1,-1
"15x15/2r",1.5,2024,3,1,0,4076,4128,-1,1.1037,3.9057,-1,-1,-1
"15x15/2r",1.5,2024,4,1,0,4085,4128,-1,1.2659,5.3425,-1,-1,-1
"15x15/2r",1.5,2024,5,1,1,4128,4128,1,1.3031,6.8362,0,0.6544,0.136117
"15x15/2r",1.5,999,1,1,1,3957,3957,1,1.0895,1.2868,0,0.6131,0.409758
"15x15/2r",2,42,1,1,1,3544,3544,1,1.0908,1.2936,0,0.6251,0.416532
"15x15/2r",2,123,1,1,1,4118,4118,1,1.1257,1.3765,0,0.6345,0.397862
"15x15/2r",2,7,1,1,1,3051,3051,1,1.1651,1.3819,0,0.6337,0.410151
"15x15/2r",2,2024,1,1,1,4033,4033,1,1.1107,1.3203,0,0.6632,0.398891
"15x15/2r",2,999,1,1,1,3957,3957,1,1.1577,1.3613,0,0.6563,0.425159
"15x15/2r",3,42,1,1,1,3544,3544,1,1.1922,1.3993,0,0.6324,0.407098
"15x15/2r",3,123,1,1,1,4118,4118,1,1.1873,1.4454,0,0.6731,0.571584
"15x15/2r",3,7,1,1,1,3051,3051,1,1.2607,1.4859,0,0.6686,0.428545
"15x15/2r",3,2024,1,1,1,4033,4033,1,1.1429,1.349,0,0.6671,0.396359
"15x15/2r",3,999,1,1,1,3957,3957,1,1.1993,1.4116,0,0.6363,0.41838
"15x15/2r",5,42,1,1,1,3544,3544,1,1.0808,1.3113,0,0.6307,0.407364
"15x15/2r",5,123,1,1,1,4118,4118,1,1.1146,1.3261,0,0.6497,0.412744
"15x15/2r",5,7,1,1,1,3051,3051,1,1.2829,1.5614,0,0.6779,0.550172
"15x15/2r",5,2024,1,1,1,4033,4033,1,1.1822,1.4034,0,0.6367,0.435518
"15x15/2r",5,999,1,1,1,3957,3957,1,1.1846,1.3958,0,0.6694,0.404319
"20x20/2r",1.2,42,1,1,0,8632,8920,-1,2.5103,3.699,-1,-1,-1
"20x20/2r",1.2,42,2,1,0,8530,8920,-1,2.4266,6.583,-1,-1,-1
"20x20/2r",1.2,42,3,1,0,8632,8920,-1,2.3765,9.327,-1,-1,-1
"20x20/2r",1.2,42,4,1,0,8530,8920,-1,2.273,11.9322,-1,-1,-1
"20x20/2r",1.2,42,5,1,0,8632,8920,-1,2.3152,14.5698,-1,-1,-1
"20x20/2r",1.5,42,1,1,0,6433,6638,-1,9.3299,9.8144,-1,-1,-1
"20x20/2r",1.5,42,2,1,0,6455,6638,-1,9.2472,20.1408,-1,-1,-1
"20x20/2r",1.5,42,3,1,0,6433,6638,-1,8.598,29.7618,-1,-1,-1
"20x20/2r",1.5,42,4,1,0,6455,6638,-1,10.4711,41.3391,-1,-1,-1
"20x20/2r",1.5,42,5,1,0,6433,6638,-1,8.3472,50.749,-1,-1,-1
"20x20/2r",1.5,123,1,1,0,5861,6240,-1,3.9697,4.4892,-1,-1,-1
"20x20/2r",1.5,123,2,1,0,6099,6240,-1,5.2982,10.6577,-1,-1,-1
"20x20/2r",1.5,123,3,1,0,5861,6240,-1,3.7086,15.23,-1,-1,-1
"20x20/2r",1.5,123,4,1,0,6099,6240,-1,5.902,21.7616,-1,-1,-1
"20x20/2r",1.5,123,5,1,0,5861,6240,-1,3.7988,26.4887,-1,-1,-1
"20x20/2r",1.5,7,1,1,1,5221,5221,1,2.6246,3.0403,0,1.3284,0.340742
"20x20/2r",1.5,2024,1,1,0,5611,5870,-1,3.1318,3.674,-1,-1,-1
"20x20/2r",1.5,2024,2,1,0,5611,5870,-1,3.8798,8.0316,-1,-1,-1
"20x20/2r",1.5,2024,3,1,0,5465,5870,-1,3.8984,12.567,-1,-1,-1
"20x20/2r",1.5,2024,4,1,0,5611,5870,-1,4.5176,17.7295,-1,-1,-1
"20x20/2r",1.5,2024,5,1,0,5465,5870,-1,3.7918,22.1133,-1,-1,-1
"20x20/2r",1.5,999,1,1,1,5601,5601,1,4.5577,5.1052,0,1.3017,0.794893
"20x20/2r",2,42,1,1,0,5326,5352,-1,1.9871,2.9903,-1,-1,-1
"20x20/2r",2,42,2,1,0,5326,5352,-1,3.0664,6.3254,-1,-1,-1
"20x20/2r",2,42,3,1,1,5352,5352,1,2.7195,9.4776,0,1.302,0.190833
"20x20/2r",2,123,1,1,0,5203,5237,-1,3.3538,4.3525,-1,-1,-1
"20x20/2r",2,123,2,1,0,5203,5237,-1,2.7064,7.6574,-1,-1,-1
"20x20/2r",2,123,3,1,0,5235,5237,-1,2.1056,10.0546,-1,-1,-1
"20x20/2r",2,123,4,1,1,5237,5237,1,2.1503,12.4798,0,1.225,0.124949
"20x20/2r",2,7,1,1,1,5221,5221,1,1.8828,2.8371,0,1.1924,0.380593
"20x20/2r",2,2024,1,1,1,5071,5071,1,1.8405,2.2241,0,1.2684,0.416664
"20x20/2r",2,999,1,1,1,5304,5304,1,1.9103,2.2992,0,1.2253,0.416229
"20x20/2r",3,42,1,1,1,5326,5326,1,2.12,2.5117,0,1.2082,0.375306
"20x20/2r",3,123,1,1,1,5203,5203,1,1.9743,2.9608,0,1.1958,0.34699
"20x20/2r",3,7,1,1,1,5221,5221,1,1.9007,2.859,0,1.2126,0.345417
"20x20/2r",3,2024,1,1,1,5071,5071,1,1.8482,2.2243,0,1.245,0.40452
"20x20/2r",3,999,1,1,1,5304,5304,1,1.9377,2.915,0,1.2143,0.359674
"20x20/2r",5,42,1,1,1,5326,5326,1,1.9324,2.8917,0,1.2018,0.413754
"20x20/2r",5,123,1,1,1,5203,5203,1,1.9146,2.2875,0,2.0418,0.326589
"20x20/2r",5,7,1,1,1,5221,5221,1,1.8889,2.8431,0,1.1903,0.347399
"20x20/2r",5,2024,1,1,1,5071,5071,1,2.3473,2.7252,0,1.2492,0.353412
"20x20/2r",5,999,1,1,1,5304,5304,1,1.9071,2.8482,0,1.4696,0.327713
"25x25/2r",1.2,7,1,1,0,8876,9124,-1,4.257,5.023,-1,-1,-1
"25x25/2r",1.2,7,2,1,0,8618,9124,-1,4.7655,10.3961,-1,-1,-1
"25x25/2r",1.2,7,3,1,0,8876,9124,-1,3.7016,14.8289,-1,-1,-1
"25x25/2r",1.2,7,4,1,0,8618,9124,-1,5.784,21.2338,-1,-1,-1
"25x25/2r",1.2,7,5,1,0,8876,9124,-1,4.4589,26.6451,-1,-1,-1
"25x25/2r",1.5,42,1,1,1,6879,6879,1,4.1883,4.8602,0,2.2554,0.646593
"25x25/2r",1.5,123,1,1,0,7234,7268,-1,8.3768,9.1,-1,-1,-1
"25x25/2r",1.5,123,2,1,0,7166,7268,-1,7.8598,18.123,-1,-1,-1
"25x25/2r",1.5,123,3,1,0,7234,7268,-1,8.6349,27.8296,-1,-1,-1
"25x25/2r",1.5,123,4,1,0,7166,7268,-1,7.7551,36.6312,-1,-1,-1
"25x25/2r",1.5,123,5,1,0,7234,7268,-1,8.6468,46.7456,-1,-1,-1
"25x25/2r",1.5,7,1,1,0,6048,6130,-1,4.6583,5.3147,-1,-1,-1
"25x25/2r",1.5,7,2,1,0,6079,6130,-1,5.298,11.5003,-1,-1,-1
"25x25/2r",1.5,7,3,1,0,6079,6130,-1,5.4527,17.7415,-1,-1,-1
"25x25/2r",1.5,7,4,1,1,6130,6130,1,7.5605,26.1331,0,2.1343,0.284947
"25x25/2r",1.5,2024,1,1,0,7464,7545,-1,10.0938,10.8547,-1,-1,-1
"25x25/2r",1.5,2024,2,1,1,7545,7545,1,10.0201,22.3396,0,2.1206,2.03756
"25x25/2r",1.5,999,1,1,0,7717,7873,-1,15.6638,16.5827,-1,-1,-1
"25x25/2r",1.5,999,2,1,0,7849,7873,-1,31.2452,49.7996,-1,-1,-1
"25x25/2r",1.5,999,3,1,0,7717,7873,-1,16.1603,69.2509,-1,-1,-1
"25x25/2r",1.5,999,4,1,0,7849,7873,-1,18.3216,89.5489,-1,-1,-1
"25x25/2r",1.5,999,5,1,0,7717,7873,-1,16.8677,108.309,-1,-1,-1
"25x25/2r",2,42,1,1,1,6536,6536,1,3.5048,4.1459,0,2.4744,0.373473
"25x25/2r",2,123,1,1,1,6825,6825,1,3.734,4.4233,0,2.4214,0.383377
"25x25/2r",2,7,1,1,1,5708,5708,1,3.4032,4.0589,0,2.3465,0.384098
"25x25/2r",2,2024,1,1,1,6690,6690,1,3.424,4.0491,0,2.0227,0.406255
"25x25/2r",2,999,1,1,0,6581,6734,-1,3.5786,4.2338,-1,-1,-1
"25x25/2r",2,999,2,1,0,6581,6734,-1,4.3117,9.4712,-1,-1,-1
"25x25/2r",2,999,3,1,0,6606,6734,-1,4.2297,14.3457,-1,-1,-1
"25x25/2r",2,999,4,1,0,6649,6734,-1,4.0249,18.9603,-1,-1,-1
"25x25/2r",2,999,5,1,0,6716,6734,-1,5.1938,24.7599,-1,-1,-1
"25x25/2r",3,42,1,1,1,6536,6536,1,3.8849,4.5001,0,2.0626,0.364956
"25x25/2r",3,123,1,1,1,6825,6825,1,3.6774,4.3088,0,2.1758,0.380332
"25x25/2r",3,7,1,1,1,5708,5708,1,3.9881,4.6115,0,1.9939,0.382869
"25x25/2r",3,2024,1,1,1,6683,6683,1,4.2545,4.8517,0,2.137,0.353413
"25x25/2r",3,999,1,1,1,6467,6467,1,3.7793,4.4119,0,2.1713,0.369015
"25x25/2r",5,42,1,1,1,6536,6536,1,4.3203,4.9661,0,2.0756,0.35916
"25x25/2r",5,123,1,1,1,6825,6825,1,3.5458,4.4483,0,1.9195,0.391077
"25x25/2r",5,7,1,1,1,5708,5708,1,4.1078,4.7407,0,2.0509,0.35058
"25x25/2r",5,2024,1,1,1,6683,6683,1,4.7661,5.7356,0,2.1184,0.330481
"25x25/2r",5,999,1,1,1,6467,6467,1,3.5508,4.7041,0,2.0964,0.40275
"30x30/2r",1.2,123,1,1,0,11665,12222,-1,9.1815,10.537,-1,-1,-1
"30x30/2r",1.2,123,2,1,0,11092,12222,-1,12.0247,23.7811,-1,-1,-1
"30x30/2r",1.2,123,3,1,0,11665,12222,-1,9.4498,34.9119,-1,-1,-1
"30x30/2r",1.2,123,4,1,0,11092,12222,-1,11.9501,48.0481,-1,-1,-1
"30x30/2r",1.2,123,5,1,0,11665,12222,-1,10.2561,59.9754,-1,-1,-1
"30x30/2r",1.5,42,1,1,0,8145,8168,-1,8.5923,9.6585,-1,-1,-1
"30x30/2r",1.5,42,2,1,0,8100,8168,-1,8.5275,19.3189,-1,-1,-1
"30x30/2r",1.5,42,3,1,0,8145,8168,-1,8.8526,29.3211,-1,-1,-1
"30x30/2r",1.5,42,4,1,0,8100,8168,-1,8.9644,40.0423,-1,-1,-1
"30x30/2r",1.5,42,5,1,0,8145,8168,-1,9.258,50.5665,-1,-1,-1
"30x30/2r",1.5,123,1,1,0,8214,8251,-1,12.5283,13.6668,-1,-1,-1
"30x30/2r",1.5,123,2,1,0,8179,8251,-1,11.8424,27.1139,-1,-1,-1
"30x30/2r",1.5,123,3,1,0,8214,8251,-1,12.5336,41.1609,-1,-1,-1
"30x30/2r",1.5,123,4,1,0,8179,8251,-1,11.7402,54.3477,-1,-1,-1
"30x30/2r",1.5,123,5,1,0,8214,8251,-1,12.3569,68.2044,-1,-1,-1
"30x30/2r",1.5,7,1,1,0,8911,8974,-1,17.5076,18.792,-1,-1,-1
"30x30/2r",1.5,7,2,1,0,8946,8974,-1,24.0488,45.0351,-1,-1,-1
"30x30/2r",1.5,7,3,1,0,8911,8974,-1,17.1936,64.7978,-1,-1,-1
"30x30/2r",1.5,7,4,1,0,8949,8974,-1,24.2613,90.9203,-1,-1,-1
"30x30/2r",1.5,7,5,1,0,8946,8974,-1,33.7192,128.247,-1,-1,-1
"30x30/2r",1.5,2024,1,1,0,8150,8217,-1,9.0608,10.3063,-1,-1,-1
"30x30/2r",1.5,2024,2,1,1,8217,8217,1,11.036,22.6909,0,3.218,0.863614
"30x30/2r",1.5,999,1,1,0,8457,8525,-1,22.6592,23.9283,-1,-1,-1
"30x30/2r",1.5,999,2,1,0,8425,8525,-1,23.4267,50.5715,-1,-1,-1
"30x30/2r",1.5,999,3,1,0,8457,8525,-1,26.507,79.6647,-1,-1,-1
"30x30/2r",1.5,999,4,1,0,8425,8525,-1,23.7376,108.742,-1,-1,-1
"30x30/2r",1.5,999,5,1,0,8457,8525,-1,20.9239,132.148,-1,-1,-1
"30x30/2r",2,42,1,1,0,7653,7712,-1,4.6834,5.5757,-1,-1,-1
"30x30/2r",2,42,2,1,0,7653,7712,-1,4.2014,10.3392,-1,-1,-1
"30x30/2r",2,42,3,1,0,7653,7712,-1,4.3221,15.2299,-1,-1,-1
"30x30/2r",2,42,4,1,1,7712,7712,1,4.5684,20.5214,0,3.0839,0.155474
"30x30/2r",2,123,1,1,0,7459,7465,-1,4.6788,5.5627,-1,-1,-1
"30x30/2r",2,123,2,1,0,7459,7465,-1,4.317,10.4338,-1,-1,-1
"30x30/2r",2,123,3,1,0,7459,7465,-1,4.5089,15.6608,-1,-1,-1
"30x30/2r",2,123,4,1,0,7459,7465,-1,4.1309,20.3572,-1,-1,-1
"30x30/2r",2,123,5,1,1,7465,7465,1,4.2674,25.1593,0,3.0062,0.127809
"30x30/2r",2,7,1,1,0,7975,8042,-1,10.1844,11.1336,-1,-1,-1
"30x30/2r",2,7,2,1,0,7990,8042,-1,9.0891,21.503,-1,-1,-1
"30x30/2r",2,7,3,1,0,7997,8042,-1,8.9789,31.7509,-1,-1,-1
"30x30/2r",2,7,4,1,0,8011,8042,-1,9.4467,42.1153,-1,-1,-1
"30x30/2r",2,7,5,1,0,8025,8042,-1,12.3772,56.2089,-1,-1,-1
"30x30/2r",2,2024,1,1,1,7890,7890,1,4.9202,5.8547,0,2.9577,0.47314
"30x30/2r",2,999,1,1,0,7190,7217,-1,5.5405,6.4273,-1,-1,-1
"30x30/2r",2,999,2,1,0,7190,7217,-1,4.5065,11.5593,-1,-1,-1
"30x30/2r",2,999,3,1,0,7190,7217,-1,4.9639,17.2732,-1,-1,-1
"30x30/2r",2,999,4,1,1,7217,7217,1,4.7454,22.6074,0,2.8996,0.141365
"30x30/2r",3,42,1,1,1,7653,7653,1,4.7653,5.6656,0,3.7623,0.37598
"30x30/2r",3,123,1,1,1,7459,7459,1,5.0883,6.0293,0,3.1005,0.391071
"30x30/2r",3,7,1,1,1,7629,7629,1,4.6652,5.585,0,2.8815,0.472533
"30x30/2r",3,2024,1,1,1,7868,7868,1,4.6722,5.5539,0,2.9196,0.400944
"30x30/2r",3,999,1,1,1,7190,7190,1,4.7773,5.6493,0,2.9714,0.399016
"30x30/2r",5,42,1,1,1,7653,7653,1,4.6796,5.5491,0,3.054,0.419244
"30x30/2r",5,123,1,1,1,7459,7459,1,4.6007,5.496,0,2.9229,0.407393
"30x30/2r",5,7,1,1,1,7629,7629,1,4.8761,5.7405,0,2.9439,0.394811
"30x30/2r",5,2024,1,1,1,7868,7868,1,4.78,5.6517,0,3.3642,0.391952
"30x30/2r",5,999,1,1,1,7190,7190,1,5.1673,6.0951,0,2.9956,0.396119
"35x35/2r",1.2,42,1,1,0,12847,13573,-1,9.3697,11.1882,-1,-1,-1
"35x35/2r",1.2,42,2,1,0,12352,13573,-1,10.811,23.3201,-1,-1,-1
"35x35/2r",1.2,42,3,1,0,12847,13573,-1,8.1424,32.5648,-1,-1,-1
"35x35/2r",1.2,42,4,1,0,12352,13573,-1,8.9285,42.391,-1,-1,-1
"35x35/2r",1.2,42,5,1,0,12847,13573,-1,8.5456,52.1918,-1,-1,-1
"35x35/2r",1.5,42,1,1,0,10018,10047,-1,14.9847,16.63,-1,-1,-1
"35x35/2r",1.5,42,2,1,0,10027,10047,-1,15.3084,33.9492,-1,-1,-1
"35x35/2r",1.5,42,3,1,0,10018,10047,-1,12.6907,48.5695,-1,-1,-1
"35x35/2r",1.5,42,4,1,0,10027,10047,-1,14.4111,64.9244,-1,-1,-1
"35x35/2r",1.5,42,5,1,0,10018,10047,-1,12.7702,79.6398,-1,-1,-1
"35x35/2r",1.5,123,1,1,0,10273,10790,-1,42.4544,44.4965,-1,-1,-1
"35x35/2r",1.5,123,2,1,0,10585,10790,-1,45.5783,93.758,-1,-1,-1
"35x35/2r",1.5,123,3,1,0,10699,10790,-1,69.0226,169.358,-1,-1,-1
"35x35/2r",1.5,123,4,1,0,10567,10790,-1,72.2354,248.438,-1,-1,-1
"35x35/2r",1.5,123,5,1,0,10699,10790,-1,61.236,316.83,-1,-1,-1
"35x35/2r",1.5,7,1,1,0,10391,10480,-1,23.9452,25.8625,-1,-1,-1
"35x35/2r",1.5,7,2,1,0,10394,10480,-1,30.7357,62.0277,-1,-1,-1
"35x35/2r",1.5,7,3,1,0,10419,10480,-1,34.5371,100.533,-1,-1,-1
"35x35/2r",1.5,7,4,1,0,10413,10480,-1,34.0114,137.418,-1,-1,-1
"35x35/2r",1.5,7,5,1,0,10419,10480,-1,35.7135,177.032,-1,-1,-1
"35x35/2r",1.5,2024,1,1,1,9321,9321,1,19.0478,20.8051,0,4.464,5.42062
"35x35/2r",1.5,999,1,1,0,9963,9988,-1,14.4869,16.177,-1,-1,-1
"35x35/2r",1.5,999,2,1,0,9968,9988,-1,19.3335,38.944,-1,-1,-1
"35x35/2r",1.5,999,3,1,0,9941,9988,-1,14.9431,55.6407,-1,-1,-1
"35x35/2r",1.5,999,4,1,0,9968,9988,-1,17.8329,74.8851,-1,-1,-1
"35x35/2r",1.5,999,5,1,0,9963,9988,-1,15.6377,92.9149,-1,-1,-1
"35x35/2r",2,42,1,1,1,9512,9512,1,7.5485,8.8909,0,4.4094,0.393796
"35x35/2r",2,123,1,1,0,8509,8720,-1,6.3909,7.548,-1,-1,-1
"35x35/2r",2,123,2,1,0,8509,8720,-1,5.846,14.1954,-1,-1,-1
"35x35/2r",2,123,3,1,0,8567,8720,-1,5.7798,20.702,-1,-1,-1
"35x35/2r",2,123,4,1,0,8567,8720,-1,6.1228,27.6004,-1,-1,-1
"35x35/2r",2,123,5,1,1,8720,8720,1,7.2617,35.7478,0,4.0361,0.166293
"35x35/2r",2,7,1,1,0,9584,9587,-1,6.2084,7.4061,-1,-1,-1
"35x35/2r",2,7,2,1,1,9587,9587,1,7.813,16.2825,0,4.1276,0.288049
"35x35/2r",2,2024,1,1,1,8303,8303,1,6.808,7.9898,0,4.0907,0.39322
"35x35/2r",2,999,1,1,0,9147,9257,-1,5.7079,6.8809,-1,-1,-1
"35x35/2r",2,999,2,1,0,9147,9257,-1,6.8089,14.437,-1,-1,-1
"35x35/2r",2,999,3,1,0,9147,9257,-1,5.8468,21.0867,-1,-1,-1
"35x35/2r",2,999,4,1,0,9233,9257,-1,7.7935,29.7853,-1,-1,-1
"35x35/2r",2,999,5,1,1,9257,9257,1,7.6612,38.5059,0,4.2184,0.114939
"35x35/2r",3,42,1,1,1,9512,9512,1,6.6001,7.7928,0,4.5581,0.400643
"35x35/2r",3,123,1,1,1,8509,8509,1,6.1862,7.3857,0,4.0619,0.415257
"35x35/2r",3,7,1,1,1,9569,9569,1,6.478,8.0222,0,4.0923,0.401766
"35x35/2r",3,2024,1,1,1,8303,8303,1,6.6448,7.9107,0,4.5662,0.349646
"35x35/2r",3,999,1,1,1,9147,9147,1,7.2537,8.4635,0,4.4684,0.371191
"35x35/2r",5,42,1,1,1,9512,9512,1,6.7887,8.1696,0,4.7692,0.386999
"35x35/2r",5,123,1,1,1,8509,8509,1,6.3995,7.6058,0,4.8433,0.401411
"35x35/2r",5,7,1,1,1,9569,9569,1,6.2569,7.6564,0,4.2674,0.380936
"35x35/2r",5,2024,1,1,1,8303,8303,1,6.3643,7.5646,0,4.0355,0.389488
"35x35/2r",5,999,1,1,1,9147,9147,1,5.7049,6.8654,0,4.6072,0.387192
"15x15/2r/d",1.2,7,1,1,0,4243,4506,-1,1.4058,1.655,-1,-1,-1
"15x15/2r/d",1.2,7,2,1,0,4243,4506,-1,1.3882,3.202,-1,-1,-1
"15x15/2r/d",1.2,7,3,1,0,4356,4506,-1,1.5971,4.9612,-1,-1,-1
"15x15/2r/d",1.2,7,4,1,0,4243,4506,-1,1.357,6.4954,-1,-1,-1
"15x15/2r/d",1.2,7,5,1,0,4356,4506,-1,1.578,8.2368,-1,-1,-1
"15x15/2r/d",1.2,2024,1,1,1,5463,5463,1,2.1137,2.5769,21,1.3368,0.438077
"15x15/2r/d",1.2,999,1,1,1,4610,4610,1,1.7772,2.1008,0,1.1878,0.62069
"15x15/2r/d",1.5,42,1,1,1,2962,2962,1,1.3249,1.6143,0,0.7293,0.532215
"15x15/2r/d",1.5,123,1,1,0,3207,3549,-1,1.5683,1.8137,-1,-1,-1
"15x15/2r/d",1.5,123,2,1,0,3441,3549,-1,2.1256,4.1159,-1,-1,-1
"15x15/2r/d",1.5,123,3,1,0,3207,3549,-1,1.5483,5.8812,-1,-1,-1
"15x15/2r/d",1.5,123,4,1,0,3441,3549,-1,2.1778,8.3084,-1,-1,-1
"15x15/2r/d",1.5,123,5,1,0,3207,3549,-1,1.5252,10.051,-1,-1,-1
"15x15/2r/d",1.5,7,1,1,0,3404,3529,-1,1.3325,1.5621,-1,-1,-1
"15x15/2r/d",1.5,7,2,1,1,3529,3529,1,1.5245,3.2459,0,0.7183,0.407976
"15x15/2r/d",1.5,2024,1,1,0,3465,3910,-1,1.2272,1.4648,-1,-1,-1
"15x15/2r/d",1.5,2024,2,1,0,3648,3910,-1,1.3805,2.9921,-1,-1,-1
"15x15/2r/d",1.5,2024,3,1,0,3648,3910,-1,1.3393,4.4926,-1,-1,-1
"15x15/2r/d",1.5,2024,4,1,0,3885,3910,-1,1.9176,6.5691,-1,-1,-1
"15x15/2r/d",1.5,2024,5,1,0,3648,3910,-1,1.3174,8.0906,-1,-1,-1
"15x15/2r/d",1.5,999,1,1,0,3989,4209,-1,2.2472,2.4856,-1,-1,-1
"15x15/2r/d",1.5,999,2,1,0,4182,4209,-1,2.668,5.3869,-1,-1,-1
"15x15/2r/d",1.5,999,3,1,0,4126,4209,-1,2.7514,8.3981,-1,-1,-1
"15x15/2r/d",1.5,999,4,1,0,4182,4209,-1,2.6714,11.3364,-1,-1,-1
"15x15/2r/d",1.5,999,5,1,0,4126,4209,-1,2.9904,14.5836,-1,-1,-1
"15x15/2r/d",2,42,1,1,1,2876,2876,1,1.1176,1.3561,0,0.7157,0.404672
"15x15/2r/d",2,123,1,1,0,2988,2989,-1,1.2537,1.4881,-1,-1,-1
"15x15/2r/d",2,123,2,1,0,2988,2989,-1,1.2466,2.8889,-1,-1,-1
"15x15/2r/d",2,123,3,1,1,2989,2989,1,1.2717,4.3158,0,0.7156,0.197897
"15x15/2r/d",2,7,1,1,1,3151,3151,1,1.0961,1.3241,0,0.6914,0.412652
"15x15/2r/d",2,2024,1,1,0,3282,3295,-1,1.0951,1.3228,-1,-1,-1
"15x15/2r/d",2,2024,2,1,0,3282,3295,-1,1.0776,2.5404,-1,-1,-1
"15x15/2r/d",2,2024,3,1,0,3282,3295,-1,1.0847,3.7617,-1,-1,-1
"15x15/2r/d",2,2024,4,1,1,3295,3295,1,1.1881,5.0885,0,0.6837,0.154638
"15x15/2r/d",2,999,1,1,0,3375,3515,-1,1.3624,1.6452,-1,-1,-1
"15x15/2r/d",2,999,2,1,0,3406,3515,-1,1.2221,3.0193,-1,-1,-1
"15x15/2r/d",2,999,3,1,0,3406,3515,-1,1.2065,4.3722,-1,-1,-1
"15x15/2r/d",2,999,4,1,0,3447,3515,-1,1.3193,5.8397,-1,-1,-1
"15x15/2r/d",2,999,5,1,0,3447,3515,-1,1.3106,7.308,-1,-1,-1
"15x15/2r/d",3,42,1,1,1,2876,2876,1,1.0964,1.3272,0,0.6992,0.40678
"15x15/2r/d",3,123,1,1,1,2987,2987,1,1.2828,1.561,0,0.7158,0.488009
"15x15/2r/d",3,7,1,1,1,3151,3151,1,1.0961,1.3247,0,0.694,0.407044
"15x15/2r/d",3,2024,1,1,1,3282,3282,1,1.0934,1.321,0,0.6892,0.430654
"15x15/2r/d",3,999,1,1,1,3316,3316,1,1.2821,1.5072,0,0.7395,0.382161
"15x15/2r/d",5,42,1,1,1,2876,2876,1,1.2063,1.4589,0,0.7377,0.405081
"15x15/2r/d",5,123,1,1,1,2987,2987,1,1.1557,1.3927,0,0.7321,0.403662
"15x15/2r/d",5,7,1,1,1,3151,3151,1,1.2184,1.4463,0,0.7319,0.380635
"15x15/2r/d",5,2024,1,1,1,3282,3282,1,1.091,1.3205,0,0.6967,0.4128
"15x15/2r/d",5,999,1,1,1,3316,3316,1,1.1133,1.3424,0,0.6996,0.426543
"20x20/2r/d",1.2,42,1,1,0,6238,6522,-1,2.9809,3.4373,-1,-1,-1
"20x20/2r/d",1.2,42,2,1,0,6108,6522,-1,2.3332,6.028,-1,-1,-1
"20x20/2r/d",1.2,42,3,1,0,6238,6522,-1,2.12,8.416,-1,-1,-1
"20x20/2r/d",1.2,42,4,1,0,6108,6522,-1,2.2749,10.9483,-1,-1,-1
"20x20/2r/d",1.2,42,5,1,0,6238,6522,-1,2.2309,13.4496,-1,-1,-1
"20x20/2r/d",1.5,42,1,1,0,4990,5088,-1,4.7438,5.2552,-1,-1,-1
"20x20/2r/d",1.5,42,2,1,0,4909,5088,-1,6.0858,11.8162,-1,-1,-1
"20x20/2r/d",1.5,42,3,1,0,4990,5088,-1,5.237,17.6126,-1,-1,-1
"20x20/2r/d",1.5,42,4,1,0,4909,5088,-1,5.2995,23.3887,-1,-1,-1
"20x20/2r/d",1.5,42,5,1,0,4990,5088,-1,5.3096,29.2757,-1,-1,-1
"20x20/2r/d",1.5,123,1,1,0,4625,5258,-1,2.4013,2.9204,-1,-1,-1
"20x20/2r/d",1.5,123,2,1,0,4681,5258,-1,2.266,5.4652,-1,-1,-1
"20x20/2r/d",1.5,123,3,1,0,5066,5258,-1,3.2287,8.9643,-1,-1,-1
"20x20/2r/d",1.5,123,4,1,0,5111,5258,-1,4.2395,13.5435,-1,-1,-1
"20x20/2r/d",1.5,123,5,1,0,5111,5258,-1,3.7462,17.7023,-1,-1,-1
"20x20/2r/d",1.5,7,1,1,1,4673,4673,1,4.6433,5.1136,0,1.3756,1.39033
"20x20/2r/d",1.5,2024,1,1,0,5055,5186,-1,3.6362,4.081,-1,-1,-1
"20x20/2r/d",1.5,2024,2,1,0,5070,5186,-1,4.1927,8.6512,-1,-1,-1
"20x20/2r/d",1.5,2024,3,1,0,5053,5186,-1,5.2367,14.3056,-1,-1,-1
"20x20/2r/d",1.5,2024,4,1,0,5070,5186,-1,4.3501,19.173,-1,-1,-1
"20x20/2r/d",1.5,2024,5,1,0,5053,5186,-1,5.1625,24.7554,-1,-1,-1
"20x20/2r/d",1.5,999,1,1,0,5040,5492,-1,3.7139,4.1811,-1,-1,-1
"20x20/2r/d",1.5,999,2,1,0,5188,5492,-1,4.7362,9.4909,-1,-1,-1
"20x20/2r/d",1.5,999,3,1,0,5040,5492,-1,2.9878,12.9162,-1,-1,-1
"20x20/2r/d",1.5,999,4,1,0,5188,5492,-1,4.3566,17.5983,-1,-1,-1
"20x20/2r/d",1.5,999,5,1,0,5040,5492,-1,3.8415,21.8309,-1,-1,-1
"20x20/2r/d",2,42,1,1,0,4140,4163,-1,2.1384,2.5737,-1,-1,-1
"20x20/2r/d",2,42,2,1,0,4159,4163,-1,2.2796,5.1091,-1,-1,-1
"20x20/2r/d",2,42,3,1,0,4159,4163,-1,2.3481,7.7222,-1,-1,-1
"20x20/2r/d",2,42,4,1,0,4159,4163,-1,2.2102,10.1986,-1,-1,-1
"20x20/2r/d",2,42,5,1,1,4163,4163,1,2.2698,12.7309,0,1.3401,0.131739
"20x20/2r/d",2,123,1,1,0,4320,4338,-1,2.9027,3.3247,-1,-1,-1
"20x20/2r/d",2,123,2,1,0,4327,4338,-1,2.9401,6.5253,-1,-1,-1
"20x20/2r/d",2,123,3,1,0,4327,4338,-1,2.1858,8.9841,-1,-1,-1
"20x20/2r/d",2,123,4,1,1,4338,4338,1,2.1478,11.3962,0,1.3521,0.128315
"20x20/2r/d",2,7,1,1,0,4247,4259,-1,2.0695,2.5121,-1,-1,-1
"20x20/2r/d",2,7,2,1,0,4247,4259,-1,2.0752,4.8397,-1,-1,-1
"20x20/2r/d",2,7,3,1,1,4259,4259,1,2.1718,7.2633,0,1.385,0.206052
"20x20/2r/d",2,2024,1,1,0,4480,4524,-1,2.7516,3.2163,-1,-1,-1
"20x20/2r/d",2,2024,2,1,0,4509,4524,-1,3.2036,6.7472,-1,-1,-1
"20x20/2r/d",2,2024,3,1,0,4480,4524,-1,2.762,9.8639,-1,-1,-1
"20x20/2r/d",2,2024,4,1,0,4509,4524,-1,3.156,13.3351,-1,-1,-1
"20x20/2r/d",2,2024,5,1,0,4480,4524,-1,3.0924,16.7821,-1,-1,-1
"20x20/2r/d",2,999,1,1,1,3989,3989,1,2.1311,2.5651,0,1.3216,0.433581
"20x20/2r/d",3,42,1,1,1,4136,4136,1,2.1391,2.5727,0,1.3563,0.417409
"20x20/2r/d",3,123,1,1,1,4313,4313,1,2.0634,2.5016,0,1.3674,0.403102
"20x20/2r/d",3,7,1,1,1,4215,4215,1,2.777,3.3851,0,1.4906,0.391205
"20x20/2r/d",3,2024,1,1,1,4345,4345,1,3.4038,3.8621,0,1.4254,0.317106
"20x20/2r/d",3,999,1,1,1,3968,3968,1,2.1255,3.1344,0,1.6121,0.340082
"20x20/2r/d",5,42,1,1,1,4136,4136,1,2.2821,2.7419,0,1.4471,0.40191
"20x20/2r/d",5,123,1,1,1,4313,4313,1,2.3844,2.9905,0,1.4483,0.433946
"20x20/2r/d",5,7,1,1,1,4215,4215,1,2.3633,3.4749,0,1.4836,0.347061
"20x20/2r/d",5,2024,1,1,1,4345,4345,1,2.3494,2.833,0,1.3928,0.423659
"20x20/2r/d",5,999,1,1,1,3968,3968,1,2.2746,3.29,0,1.418,0.331733
"25x25/2r/d",1.5,42,1,1,0,6831,7031,-1,11.0115,11.9501,-1,-1,-1
"25x25/2r/d",1.5,42,2,1,0,6884,7031,-1,11.7487,24.6975,-1,-1,-1
"25x25/2r/d",1.5,42,3,1,0,6831,7031,-1,10.4284,36.2059,-1,-1,-1
"25x25/2r/d",1.5,42,4,1,0,6884,7031,-1,13.5204,50.9336,-1,-1,-1
"25x25/2r/d",1.5,42,5,1,0,6831,7031,-1,11.5344,64.1582,-1,-1,-1
"25x25/2r/d",1.5,123,1,1,0,5159,5421,-1,4.6788,5.5425,-1,-1,-1
"25x25/2r/d",1.5,123,2,1,0,5224,5421,-1,5.3476,11.4051,-1,-1,-1
"25x25/2r/d",1.5,123,3,1,0,5159,5421,-1,4.2175,16.1951,-1,-1,-1
"25x25/2r/d",1.5,123,4,1,0,5224,5421,-1,5.7287,22.4147,-1,-1,-1
"25x25/2r/d",1.5,123,5,1,0,5159,5421,-1,4.2669,27.2675,-1,-1,-1
"25x25/2r/d",1.5,7,1,1,0,5785,6049,-1,6.3499,7.293,-1,-1,-1
"25x25/2r/d",1.5,7,2,1,0,5794,6049,-1,6.558,14.4999,-1,-1,-1
"25x25/2r/d",1.5,7,3,1,0,5785,6049,-1,5.6666,20.8516,-1,-1,-1
"25x25/2r/d",1.5,7,4,1,0,5794,6049,-1,6.429,27.8929,-1,-1,-1
"25x25/2r/d",1.5,7,5,1,0,5785,6049,-1,5.6703,34.2073,-1,-1,-1
"25x25/2r/d",1.5,2024,1,1,0,6641,6754,-1,11.5348,12.506,-1,-1,-1
"25x25/2r/d",1.5,2024,2,1,0,6682,6754,-1,12.5047,26.0357,-1,-1,-1
"25x25/2r/d",1.5,2024,3,1,0,6641,6754,-1,11.5015,38.6141,-1,-1,-1
"25x25/2r/d",1.5,2024,4,1,0,6682,6754,-1,13.1838,53.1955,-1,-1,-1
"25x25/2r/d",1.5,2024,5,1,0,6641,6754,-1,11.7237,66.1132,-1,-1,-1
"25x25/2r/d",1.5,999,1,1,0,6870,7060,-1,13.7809,14.8353,-1,-1,-1
"25x25/2r/d",1.5,999,2,1,0,6936,7060,-1,15.4961,31.5385,-1,-1,-1
"25x25/2r/d",1.5,999,3,1,0,6841,7060,-1,16.748,49.6311,-1,-1,-1
"25x25/2r/d",1.5,999,4,1,0,6936,7060,-1,17.1252,68.1824,-1,-1,-1
"25x25/2r/d",1.5,999,5,1,0,6841,7060,-1,17.8752,87.9433,-1,-1,-1
"25x25/2r/d",2,42,1,1,0,5644,5773,-1,4.2648,5.0652,-1,-1,-1
"25x25/2r/d",2,42,2,1,0,5720,5773,-1,5.2332,10.8047,-1,-1,-1
"25x25/2r/d",2,42,3,1,0,5741,5773,-1,5.3697,16.7664,-1,-1,-1
"25x25/2r/d",2,42,4,1,0,5741,5773,-1,5.3061,22.7189,-1,-1,-1
"25x25/2r/d",2,42,5,1,1,5773,5773,1,5.8942,29.2092,0,2.1618,0.314762
"25x25/2r/d",2,123,1,1,0,4779,4780,-1,3.3431,4.0195,-1,-1,-1
"25x25/2r/d",2,123,2,1,0,4779,4780,-1,3.1854,7.6185,-1,-1,-1
"25x25/2r/d",2,123,3,1,0,4779,4780,-1,3.1783,11.1953,-1,-1,-1
"25x25/2r/d",2,123,4,1,0,4779,4780,-1,3.1612,14.7707,-1,-1,-1
"25x25/2r/d",2,123,5,1,1,4780,4780,1,3.7044,18.884,0,2.2006,0.121406
"25x25/2r/d",2,7,1,1,0,5012,5047,-1,3.3049,3.9894,-1,-1,-1
"25x25/2r/d",2,7,2,1,0,5012,5047,-1,3.1999,7.61,-1,-1,-1
"25x25/2r/d",2,7,3,1,0,5012,5047,-1,3.1842,11.1886,-1,-1,-1
"25x25/2r/d",2,7,4,1,0,5012,5047,-1,3.2313,14.8291,-1,-1,-1
"25x25/2r/d",2,7,5,1,0,5012,5047,-1,3.1373,18.3624,-1,-1,-1
"25x25/2r/d",2,2024,1,1,0,5592,5683,-1,3.57,4.2506,-1,-1,-1
"25x25/2r/d",2,2024,2,1,0,5630,5683,-1,4.1009,8.7871,-1,-1,-1
"25x25/2r/d",2,2024,3,1,0,5630,5683,-1,3.9485,13.2254,-1,-1,-1
"25x25/2r/d",2,2024,4,1,0,5630,5683,-1,3.8986,17.5995,-1,-1,-1
"25x25/2r/d",2,2024,5,1,1,5683,5683,1,4.5063,22.5778,0,2.1559,0.162329
"25x25/2r/d",2,999,1,1,0,4882,5079,-1,6.1839,7.3671,-1,-1,-1
"25x25/2r/d",2,999,2,1,0,5005,5079,-1,5.7864,13.9488,-1,-1,-1
"25x25/2r/d",2,999,3,1,1,5079,5079,1,5.2076,19.7004,0,2.233,0.263074
"25x25/2r/d",3,42,1,1,1,5470,5470,1,3.3389,4.0102,0,2.171,0.38431
"25x25/2r/d",3,123,1,1,1,4779,4779,1,3.5022,4.1887,0,2.174,0.37877
"25x25/2r/d",3,7,1,1,1,5012,5012,1,4.3498,5.0385,0,2.4688,0.336033
"25x25/2r/d",3,2024,1,1,1,5511,5511,1,3.6681,4.4497,0,2.4702,0.394066
"25x25/2r/d",3,999,1,1,1,4769,4769,1,3.7509,4.458,0,2.226,0.423968
"25x25/2r/d",5,42,1,1,1,5470,5470,1,3.4695,4.2952,0,2.2288,0.458599
"25x25/2r/d",5,123,1,1,1,4779,4779,1,3.283,4.0571,0,2.1803,0.442492
"25x25/2r/d",5,7,1,1,1,5012,5012,1,3.2776,4.001,0,2.1646,0.407584
"25x25/2r/d",5,2024,1,1,1,5511,5511,1,3.4049,4.0737,0,2.3023,0.382215
"25x25/2r/d",5,999,1,1,1,4769,4769,1,3.3623,4.0431,0,2.3769,0.382741
"30x30/2r/d",1.5,42,1,1,0,6260,6781,-1,6.2933,7.7745,-1,-1,-1
"30x30/2r/d",1.5,42,2,1,0,6572,6781,-1,10.2919,18.7798,-1,-1,-1
"30x30/2r/d",1.5,42,3,1,0,6458,6781,-1,9.9503,29.7469,-1,-1,-1
"30x30/2r/d",1.5,42,4,1,0,6572,6781,-1,9.9547,40.7392,-1,-1,-1
"30x30/2r/d",1.5,42,5,1,0,6458,6781,-1,9.8519,51.6068,-1,-1,-1
"30x30/2r/d",1.5,123,1,1,0,7492,7531,-1,26.5332,28.1775,-1,-1,-1
"30x30/2r/d",1.5,123,2,1,0,7527,7531,-1,26.3484,57.3059,-1,-1,-1
"30x30/2r/d",1.5,123,3,1,0,7492,7531,-1,22.7731,82.2876,-1,-1,-1
"30x30/2r/d",1.5,123,4,1,0,7527,7531,-1,25.9523,111.199,-1,-1,-1
"30x30/2r/d",1.5,123,5,1,0,7492,7531,-1,23.1769,136.67,-1,-1,-1
"30x30/2r/d",1.5,7,1,1,0,7301,7371,-1,15.3243,16.8634,-1,-1,-1
"30x30/2r/d",1.5,7,2,1,0,7335,7371,-1,15.7705,33.9892,-1,-1,-1
"30x30/2r/d",1.5,7,3,1,0,7301,7371,-1,15.7656,51.7021,-1,-1,-1
"30x30/2r/d",1.5,7,4,1,0,7335,7371,-1,15.3511,68.4177,-1,-1,-1
"30x30/2r/d",1.5,7,5,1,0,7301,7371,-1,14.5366,84.3317,-1,-1,-1
"30x30/2r/d",1.5,2024,1,1,0,7356,7529,-1,17.2663,18.8219,-1,-1,-1
"30x30/2r/d",1.5,2024,2,1,0,7451,7529,-1,22.8568,43.2502,-1,-1,-1
"30x30/2r/d",1.5,2024,3,1,0,7391,7529,-1,27.5943,72.9271,-1,-1,-1
"30x30/2r/d",1.5,2024,4,1,0,7451,7529,-1,23.6339,99.3194,-1,-1,-1
"30x30/2r/d",1.5,2024,5,1,0,7391,7529,-1,30.9783,133.785,-1,-1,-1
"30x30/2r/d",1.5,999,1,1,0,7125,7346,-1,14.5869,16.0931,-1,-1,-1
"30x30/2r/d",1.5,999,2,1,0,7212,7346,-1,16.2738,33.7518,-1,-1,-1
"30x30/2r/d",1.5,999,3,1,0,7024,7346,-1,15.1353,50.3175,-1,-1,-1
"30x30/2r/d",1.5,999,4,1,0,7212,7346,-1,16.6342,68.3497,-1,-1,-1
"30x30/2r/d",1.5,999,5,1,0,7024,7346,-1,15.0516,84.8906,-1,-1,-1
"30x30/2r/d",2,42,1,1,1,5507,5507,1,6.1005,7.2158,0,3.9604,0.377937
"30x30/2r/d",2,123,1,1,0,6153,6393,-1,6.2162,7.7351,-1,-1,-1
"30x30/2r/d",2,123,2,1,0,6284,6393,-1,7.3837,15.8576,-1,-1,-1
"30x30/2r/d",2,123,3,1,1,6393,6393,1,9.1926,25.8321,0,3.4447,0.417969
"30x30/2r/d",2,7,1,1,0,6536,6555,-1,4.8467,5.8473,-1,-1,-1
"30x30/2r/d",2,7,2,1,0,6536,6555,-1,4.7146,11.1679,-1,-1,-1
"30x30/2r/d",2,7,3,1,0,6536,6555,-1,4.8206,16.5833,-1,-1,-1
"30x30/2r/d",2,7,4,1,1,6555,6555,1,4.732,21.8967,0,3.6832,0.165118
"30x30/2r/d",2,2024,1,1,1,6343,6343,1,5.0404,6.0596,0,3.428,0.389445
"30x30/2r/d",2,999,1,1,0,6343,6347,-1,5.6009,6.6289,-1,-1,-1
"30x30/2r/d",2,999,2,1,1,6347,6347,1,5.889,13.1904,0,3.3537,0.337419
"30x30/2r/d",3,42,1,1,1,5507,5507,1,5.0719,6.1074,0,3.5236,0.41573
"30x30/2r/d",3,123,1,1,1,6098,6098,1,4.8642,5.8596,0,3.6089,0.385658
"30x30/2r/d",3,7,1,1,1,6536,6536,1,5.1707,6.1695,0,3.2769,0.404101
"30x30/2r/d",3,2024,1,1,1,6343,6343,1,5.2322,6.3343,0,3.7643,0.366566
"30x30/2r/d",3,999,1,1,1,6274,6274,1,5.2737,6.46,0,3.4424,0.398964
"30x30/2r/d",5,42,1,1,1,5507,5507,1,4.6771,5.6573,0,3.5364,0.38001
"30x30/2r/d",5,123,1,1,1,6098,6098,1,5.319,6.3079,0,3.3423,0.400365
"30x30/2r/d",5,7,1,1,1,6536,6536,1,4.7883,5.798,0,3.4334,0.396993
"30x30/2r/d",5,2024,1,1,1,6343,6343,1,6.3572,7.3935,0,3.3873,0.36399
"30x30/2r/d",5,999,1,1,1,6274,6274,1,4.902,5.9436,0,3.6054,0.390983
"15x15/3r",1.2,7,1,1,0,5597,5693,-1,1.0153,1.2541,-1,-1,-1
"15x15/3r",1.2,7,2,1,0,5646,5693,-1,1.1306,2.5147,-1,-1,-1
"15x15/3r",1.2,7,3,1,0,5597,5693,-1,1.102,3.7559,-1,-1,-1
"15x15/3r",1.2,7,4,1,0,5646,5693,-1,1.1712,5.0572,-1,-1,-1
"15x15/3r",1.2,7,5,1,0,5597,5693,-1,0.9909,6.1877,-1,-1,-1
"15x15/3r",1.5,42,1,1,0,3747,4177,-1,1.0988,1.7716,-1,-1,-1
"15x15/3r",1.5,42,2,1,0,3975,4177,-1,1.6742,3.5851,-1,-1,-1
"15x15/3r",1.5,42,3,1,0,3889,4177,-1,1.2289,4.9895,-1,-1,-1
"15x15/3r",1.5,42,4,1,0,4020,4177,-1,1.6313,6.7693,-1,-1,-1
"15x15/3r",1.5,42,5,1,0,3927,4177,-1,1.4251,8.3721,-1,-1,-1
"15x15/3r",1.5,123,1,1,0,4007,4205,-1,1.1111,1.3423,-1,-1,-1
"15x15/3r",1.5,123,2,1,0,4155,4205,-1,1.3671,2.8491,-1,-1,-1
"15x15/3r",1.5,123,3,1,0,4165,4205,-1,1.4408,4.4485,-1,-1,-1
"15x15/3r",1.5,123,4,1,1,4205,4205,1,2.0312,6.6452,0,0.8254,0.245442
"15x15/3r",1.5,7,1,1,0,4238,4371,-1,1.1451,1.3777,-1,-1,-1
"15x15/3r",1.5,7,2,1,0,4238,4371,-1,1.1181,2.6365,-1,-1,-1
"15x15/3r",1.5,7,3,1,0,4316,4371,-1,1.2807,4.0564,-1,-1,-1
"15x15/3r",1.5,7,4,1,0,4326,4371,-1,1.266,5.4728,-1,-1,-1
"15x15/3r",1.5,7,5,1,0,4326,4371,-1,1.2554,6.8808,-1,-1,-1
"15x15/3r",1.5,2024,1,1,0,3845,4091,-1,1.1804,1.4369,-1,-1,-1
"15x15/3r",1.5,2024,2,1,0,3943,4091,-1,1.2003,2.7793,-1,-1,-1
"15x15/3r",1.5,2024,3,1,0,4024,4091,-1,1.433,4.3651,-1,-1,-1
"15x15/3r",1.5,2024,4,1,1,4091,4091,1,1.5616,6.0855,0,0.8618,0.275776
"15x15/3r",1.5,999,1,1,0,3949,4168,-1,1.0118,1.2511,-1,-1,-1
"15x15/3r",1.5,999,2,1,0,3949,4168,-1,1.0078,2.394,-1,-1,-1
"15x15/3r",1.5,999,3,1,0,3949,4168,-1,1.1201,3.8108,-1,-1,-1
"15x15/3r",1.5,999,4,1,0,4075,4168,-1,1.1996,5.1391,-1,-1,-1
"15x15/3r",1.5,999,5,1,0,4075,4168,-1,1.1809,6.4643,-1,-1,-1
"15x15/3r",2,42,1,1,1,3411,3411,1,1.0136,1.653,0,0.8583,0.3849
"15x15/3r",2,123,1,1,1,3871,3871,1,0.9799,1.2049,0,1.0555,0.419041
"15x15/3r",2,7,1,1,1,4202,4202,1,1.0557,1.2872,0,0.8538,0.49192
"15x15/3r",2,2024,1,1,0,3546,3617,-1,1.0211,1.2555,-1,-1,-1
"15x15/3r",2,2024,2,1,0,3546,3617,-1,1.0102,2.395,-1,-1,-1
"15x15/3r",2,2024,3,1,0,3546,3617,-1,1.0093,3.5353,-1,-1,-1
"15x15/3r",2,2024,4,1,0,3546,3617,-1,1.0088,4.6757,-1,-1,-1
"15x15/3r",2,2024,5,1,1,3617,3617,1,1.0924,5.8997,0,0.8431,0.153319
"15x15/3r",2,999,1,1,1,3928,3928,1,1.0013,1.2337,0,0.8608,0.481308
"15x15/3r",3,42,1,1,1,3411,3411,1,1.0113,1.6531,0,0.8343,0.409021
"15x15/3r",3,123,1,1,1,3871,3871,1,1.2804,1.5033,0,0.8636,0.394186
"15x15/3r",3,7,1,1,1,4202,4202,1,1.1096,1.3634,0,0.8819,0.50167
"15x15/3r",3,2024,1,1,1,3546,3546,1,1.6435,1.9062,0,1.7752,0.26824
"15x15/3r",3,999,1,1,1,3928,3928,1,1.7407,3.1607,0,1.4204,0.355046
"15x15/3r",5,42,1,1,1,3411,3411,1,1.5685,2.2143,0,0.9286,0.314773
"15x15/3r",5,123,1,1,1,3871,3871,1,1.0139,1.2527,0,0.8552,0.473362
"15x15/3r",5,7,1,1,1,4202,4202,1,1.0682,1.304,0,0.8558,0.506112
"15x15/3r",5,2024,1,1,1,3546,3546,1,1.1086,1.3683,0,0.9091,0.526478
"15x15/3r",5,999,1,1,1,3928,3928,1,1.0692,1.3163,0,0.8918,0.478783
"20x20/3r",1.5,42,1,1,0,5404,5631,-1,3.1555,4.213,-1,-1,-1
"20x20/3r",1.5,42,2,1,0,5459,5631,-1,3.3712,7.9144,-1,-1,-1
"20x20/3r",1.5,42,3,1,0,5536,5631,-1,3.948,12.2213,-1,-1,-1
"20x20/3r",1.5,42,4,1,0,5576,5631,-1,4.5796,17.2143,-1,-1,-1
"20x20/3r",1.5,42,5,1,0,5484,5631,-1,4.5267,22.597,-1,-1,-1
"20x20/3r",1.5,123,1,1,0,4840,5394,-1,2.0717,2.5826,-1,-1,-1
"20x20/3r",1.5,123,2,1,0,4960,5394,-1,2.0675,4.8951,-1,-1,-1
"20x20/3r",1.5,123,3,1,0,5048,5394,-1,2.0164,7.1885,-1,-1,-1
"20x20/3r",1.5,123,4,1,0,5267,5394,-1,2.0954,9.5397,-1,-1,-1
"20x20/3r",1.5,123,5,1,0,5267,5394,-1,2.4459,12.2419,-1,-1,-1
"20x20/3r",1.5,7,1,1,0,5868,5993,-1,4.4494,4.9001,-1,-1,-1
"20x20/3r",1.5,7,2,1,0,5815,5993,-1,3.4044,8.7477,-1,-1,-1
"20x20/3r",1.5,7,3,1,0,5868,5993,-1,4.6577,13.7674,-1,-1,-1
"20x20/3r",1.5,7,4,1,0,5815,5993,-1,3.5739,17.794,-1,-1,-1
"20x20/3r",1.5,7,5,1,0,5868,5993,-1,4.5839,22.8189,-1,-1,-1
"20x20/3r",1.5,2024,1,1,0,5634,5768,-1,2.0695,2.5195,-1,-1,-1
"20x20/3r",1.5,2024,2,1,1,5768,5768,1,2.708,5.4815,0,1.6565,0.553937
"20x20/3r",1.5,999,1,1,0,5170,5191,-1,1.9945,2.4479,-1,-1,-1
"20x20/3r",1.5,999,2,1,0,5170,5191,-1,2.0007,4.7032,-1,-1,-1
"20x20/3r",1.5,999,3,1,1,5191,5191,1,2.1347,7.0829,0,1.5873,0.271585
"20x20/3r",2,42,1,1,1,5008,5008,1,1.8545,2.3196,0,1.6107,0.452561
"20x20/3r",2,123,1,1,0,4712,4718,-1,1.7631,2.1992,-1,-1,-1
"20x20/3r",2,123,2,1,0,4712,4718,-1,1.7636,4.1873,-1,-1,-1
"20x20/3r",2,123,3,1,0,4712,4718,-1,1.8299,6.2435,-1,-1,-1
"20x20/3r",2,123,4,1,0,4712,4718,-1,1.7761,8.2633,-1,-1,-1
"20x20/3r",2,123,5,1,0,4712,4718,-1,1.754,10.2476,-1,-1,-1
"20x20/3r",2,7,1,1,1,5355,5355,1,1.8996,2.3955,0,1.5701,0.463587
"20x20/3r",2,2024,1,1,1,5406,5406,1,2.3292,2.9085,0,1.6076,0.397179
"20x20/3r",2,999,1,1,1,5025,5025,1,1.8835,2.3341,0,1.7875,0.444221
"20x20/3r",3,42,1,1,1,5008,5008,1,1.8473,2.2913,0,1.5943,0.483941
"20x20/3r",3,123,1,1,1,4712,4712,1,1.9961,2.4651,0,1.5829,0.46045
"20x20/3r",3,7,1,1,1,5355,5355,1,1.7962,2.2185,0,1.6488,0.457477
"20x20/3r",3,2024,1,1,1,5406,5406,1,1.8585,2.2894,0,1.5692,0.490178
"20x20/3r",3,999,1,1,1,5025,5025,1,1.9847,2.4105,0,1.6791,0.440874
"20x20/3r",5,42,1,1,1,5008,5008,1,1.8264,2.2699,0,1.5889,0.468021
"20x20/3r",5,123,1,1,1,4712,4712,1,1.8133,2.247,0,1.6034,0.477509
"20x20/3r",5,7,1,1,1,5355,5355,1,1.7362,2.1596,0,1.7164,0.446362
"20x20/3r",5,2024,1,1,1,5406,5406,1,1.7725,2.2043,0,1.5592,0.475037
"20x20/3r",5,999,1,1,1,5025,5025,1,1.8566,2.3013,0,1.581,0.545115
"25x25/3r",1.5,42,1,1,0,6006,6182,-1,3.2589,3.9531,-1,-1,-1
"25x25/3r",1.5,42,2,1,0,6021,6182,-1,3.9058,8.271,-1,-1,-1
"25x25/3r",1.5,42,3,1,0,6034,6182,-1,3.4192,12.1118,-1,-1,-1
"25x25/3r",1.5,42,4,1,0,6006,6182,-1,3.368,15.8992,-1,-1,-1
"25x25/3r",1.5,42,5,1,0,6034,6182,-1,3.4916,19.8103,-1,-1,-1
"25x25/3r",1.5,123,1,1,0,6736,6907,-1,5.1147,5.9732,-1,-1,-1
"25x25/3r",1.5,123,2,1,0,6870,6907,-1,5.3294,11.8651,-1,-1,-1
"25x25/3r",1.5,123,3,1,0,6736,6907,-1,6.7113,19.5826,-1,-1,-1
"25x25/3r",1.5,123,4,1,0,6870,6907,-1,5.5878,25.9272,-1,-1,-1
"25x25/3r",1.5,123,5,1,0,6736,6907,-1,5.8461,32.5882,-1,-1,-1
"25x25/3r",1.5,7,1,1,0,7035,7263,-1,5.4977,6.3756,-1,-1,-1
"25x25/3r",1.5,7,2,1,0,7052,7263,-1,6.3323,13.2972,-1,-1,-1
"25x25/3r",1.5,7,3,1,0,6999,7263,-1,5.2493,19.1864,-1,-1,-1
"25x25/3r",1.5,7,4,1,0,7083,7263,-1,5.7832,25.5203,-1,-1,-1
"25x25/3r",1.5,7,5,1,0,7004,7263,-1,5.2976,31.4231,-1,-1,-1
"25x25/3r",1.5,2024,1,1,0,6825,7065,-1,4.3407,5.1838,-1,-1,-1
"25x25/3r",1.5,2024,2,1,0,6888,7065,-1,4.6774,10.5014,-1,-1,-1
"25x25/3r",1.5,2024,3,1,0,6820,7065,-1,4.1854,15.2142,-1,-1,-1
"25x25/3r",1.5,2024,4,1,0,6888,7065,-1,4.6159,20.3211,-1,-1,-1
"25x25/3r",1.5,2024,5,1,0,6901,7065,-1,4.8538,25.8169,-1,-1,-1
"25x25/3r",1.5,999,1,1,0,6334,6727,-1,6.1668,7.059,-1,-1,-1
"25x25/3r",1.5,999,2,1,0,6553,6727,-1,7.0144,14.8818,-1,-1,-1
"25x25/3r",1.5,999,3,1,0,6551,6727,-1,6.268,21.9318,-1,-1,-1
"25x25/3r",1.5,999,4,1,0,6553,6727,-1,7.348,31.232,-1,-1,-1
"25x25/3r",1.5,999,5,1,0,6551,6727,-1,5.9171,37.9391,-1,-1,-1
"25x25/3r",2,42,1,1,1,5831,5831,1,3.0065,3.7307,0,2.6128,0.491874
"25x25/3r",2,123,1,1,0,5737,5852,-1,2.9274,3.6212,-1,-1,-1
"25x25/3r",2,123,2,1,0,5756,5852,-1,3.2524,7.2375,-1,-1,-1
"25x25/3r",2,123,3,1,0,5756,5852,-1,2.9921,10.6184,-1,-1,-1
"25x25/3r",2,123,4,1,0,5800,5852,-1,3.0086,14.0014,-1,-1,-1
"25x25/3r",2,123,5,1,0,5808,5852,-1,3.0349,17.4208,-1,-1,-1
"25x25/3r",2,7,1,1,0,6466,6513,-1,3.0029,3.6989,-1,-1,-1
"25x25/3r",2,7,2,1,0,6466,6513,-1,2.9692,7.0503,-1,-1,-1
"25x25/3r",2,7,3,1,0,6480,6513,-1,3.3799,10.9623,-1,-1,-1
"25x25/3r",2,7,4,1,0,6480,6513,-1,3.5027,14.9321,-1,-1,-1
"25x25/3r",2,7,5,1,0,6480,6513,-1,3.3185,18.6859,-1,-1,-1
"25x25/3r",2,2024,1,1,1,6275,6275,1,2.9857,3.6871,0,2.7741,0.441002
"25x25/3r",2,999,1,1,1,5840,5840,1,2.8968,3.58,0,2.9612,0.43599
"25x25/3r",3,42,1,1,1,5831,5831,1,2.8474,3.5365,0,2.6548,0.458224
"25x25/3r",3,123,1,1,1,5737,5737,1,2.8223,3.4937,0,2.6535,0.454093
"25x25/3r",3,7,1,1,1,6456,6456,1,2.7966,3.4911,0,4.3347,0.361241
"25x25/3r",3,2024,1,1,1,6275,6275,1,3.9026,5.0796,0,2.575,0.641209
"25x25/3r",3,999,1,1,1,5840,5840,1,3.4696,4.254,0,2.7121,0.578774
"25x25/3r",5,42,1,1,1,5831,5831,1,3.1093,3.8759,0,2.9188,0.465363
"25x25/3r",5,123,1,1,1,5737,5737,1,3.1622,3.9093,0,3.1796,0.43341
"25x25/3r",5,7,1,1,1,6456,6456,1,3.2156,3.9273,0,2.5459,0.474248
"25x25/3r",5,2024,1,1,1,6275,6275,1,2.8471,3.5254,0,2.6951,0.464159
"25x25/3r",5,999,1,1,1,5840,5840,1,3.3189,4.0347,0,3.1624,0.445374
