config,alpha,seed,nodes,edges,LB_r0,UB_r0,Limit_r0,base_time_ms,base_exp,base_cost,base_solved,full_time_ms,full_exp,full_cost,full_solved,norm_time_ms,norm_ok,infl_time_ms,infl_exp,infl_cost,infl_solved,speedup_full,speedup_infl,node_red_full,node_red_infl
"15x15/2r",0,42,225,978,2543,3699,2543,0.7294,1,-1,0,10.5697,1,-1,0,9.2838,0,1.1669,1,-1,0,0.0690086,0.625075,0,0
"15x15/2r",0,123,225,1008,1904,3550,1904,1.249,1,-1,0,8.3568,1,-1,0,7.6176,0,0.6862,1,-1,0,0.149459,1.82017,0,0
"15x15/2r",0,7,225,1036,2222,2863,2222,0.7271,3,-1,0,7.9131,3,-1,0,6.9568,0,0.744,3,-1,0,0.0918856,0.977285,0,0
"15x15/2r",0,2024,225,988,2290,3899,2290,0.6835,1,-1,0,7.0751,1,-1,0,6.3745,0,0.666,1,-1,0,0.0966064,1.02628,0,0
"15x15/2r",0,999,225,1004,2156,3196,2156,0.7743,1,-1,0,6.9739,1,-1,0,6.2536,0,0.6596,1,-1,0,0.111028,1.17389,0,0
"15x15/2r",0.1,42,225,978,2543,3699,2658,0.738,15,-1,0,7.0376,15,-1,0,6.1834,0,0.757,15,-1,0,0.104865,0.974901,0,0
"15x15/2r",0.1,123,225,1008,1904,3550,2068,0.7475,16,-1,0,6.7178,16,-1,0,5.9564,0,0.7301,16,-1,0,0.111272,1.02383,0,0
"15x15/2r",0.1,7,225,1036,2222,2863,2286,0.7204,4,-1,0,7.3821,4,-1,0,6.6185,0,0.7067,4,-1,0,0.0975874,1.01939,0,0
"15x15/2r",0.1,2024,225,988,2290,3899,2450,0.6971,6,-1,0,6.9065,6,-1,0,6.0405,0,0.8045,6,-1,0,0.100934,0.866501,0,0
"15x15/2r",0.1,999,225,1004,2156,3196,2260,0.7322,11,-1,0,6.7983,11,-1,0,6.0408,0,0.7304,11,-1,0,0.107703,1.00246,0,0
"15x15/2r",0.2,42,225,978,2543,3699,2774,0.7919,18,-1,0,7.1688,18,-1,0,6.2853,0,0.7897,18,-1,0,0.110465,1.00279,0,0
"15x15/2r",0.2,123,225,1008,1904,3550,2233,0.9016,40,-1,0,7.5692,40,-1,0,6.2962,0,1.3903,40,-1,0,0.119114,0.648493,0,0
"15x15/2r",0.2,7,225,1036,2222,2863,2350,0.9277,22,-1,0,8.7165,17,-1,0,7.6253,0,0.8822,17,-1,0,0.10643,1.05158,0.227273,0.227273
"15x15/2r",0.2,2024,225,988,2290,3899,2611,1.4618,88,-1,0,6.9134,76,-1,0,5.8454,0,1.0922,76,-1,0,0.211444,1.3384,0.136364,0.136364
"15x15/2r",0.2,999,225,1004,2156,3196,2364,0.813,28,-1,0,7.6695,28,-1,0,6.8308,0,0.8234,28,-1,0,0.106004,0.987369,0,0
"15x15/2r",0.3,42,225,978,2543,3699,2889,1.0279,68,-1,0,7.1389,69,-1,0,6.0851,0,1.3058,69,-1,0,0.143986,0.78718,-0.0147059,-0.0147059
"15x15/2r",0.3,123,225,1008,1904,3550,2397,1.531,127,-1,0,7.5375,128,-1,0,6.0634,0,1.4301,128,-1,0,0.203118,1.07055,-0.00787402,-0.00787402
"15x15/2r",0.3,7,225,1036,2222,2863,2414,1.2691,57,-1,0,7.1456,41,-1,0,6.2178,0,0.9139,41,-1,0,0.177606,1.38866,0.280702,0.280702
"15x15/2r",0.3,2024,225,988,2290,3899,2772,2.8834,380,6291,1,11.2291,281,6291,1,8.8809,0,2.2944,281,6291,1,0.256779,1.25671,0.260526,0.260526
"15x15/2r",0.3,999,225,1004,2156,3196,2468,1.5028,137,-1,0,9.5019,138,-1,0,7.8516,0,1.6299,138,-1,0,0.158158,0.92202,-0.00729927,-0.00729927
"15x15/2r",0.4,42,225,978,2543,3699,3005,1.9196,205,4968,1,8.7995,57,4968,1,7.7007,0,1.0955,57,4968,1,0.218149,1.75226,0.721951,0.721951
"15x15/2r",0.4,123,225,1008,1904,3550,2562,3.2281,370,-1,0,9.8274,372,-1,0,6.7284,0,3.0098,372,-1,0,0.32848,1.07253,-0.00540541,-0.00540541
"15x15/2r",0.4,7,225,1036,2222,2863,2478,1.4538,132,-1,0,7.9852,101,-1,0,6.6305,0,1.2989,101,-1,0,0.182062,1.11925,0.234848,0.234848
"15x15/2r",0.4,2024,225,988,2290,3899,2933,2.4939,291,4457,1,10.7484,33,4544,1,9.8518,0,0.8345,33,4544,1,0.232025,2.9885,0.886598,0.886598
"15x15/2r",0.4,999,225,1004,2156,3196,2572,3.0285,366,6257,1,10.7618,312,6257,1,8.1232,0,2.5806,312,6257,1,0.281412,1.17356,0.147541,0.147541
"15x15/2r",0.5,42,225,978,2543,3699,3121,2.6289,296,4332,1,10.9462,42,4332,1,10.0388,0,0.8609,42,4332,1,0.240166,3.05366,0.858108,0.858108
"15x15/2r",0.5,123,225,1008,1904,3550,2727,6.9291,857,5878,1,14.862,691,6218,1,9.1025,0,5.3226,691,6218,1,0.466229,1.30183,0.193699,0.193699
"15x15/2r",0.5,7,225,1036,2222,2863,2542,2.2694,255,-1,0,9.0529,187,-1,0,6.9943,0,1.926,187,-1,0,0.250682,1.1783,0.266667,0.266667
"15x15/2r",0.5,2024,225,988,2290,3899,3094,1.3951,122,4236,1,9.7703,0,4236,1,9.0937,1,1.0854,74,4381,1,0.14279,1.28533,1,0.393443
"15x15/2r",0.5,999,225,1004,2156,3196,2676,5.2555,668,5947,1,2.7998,30,5947,1,1.9484,1,3.1185,388,5947,1,1.8771,1.68527,0.95509,0.419162
"15x15/2r",0.6,42,225,978,2543,3699,3236,2.4305,282,4129,1,2.5568,0,4129,1,1.8765,1,0.8739,37,4205,1,0.950602,2.78121,1,0.868794
"15x15/2r",0.6,123,225,1008,1904,3550,2891,7.2861,907,5003,1,12.5166,127,5275,1,11.0038,0,1.4785,127,5275,1,0.582115,4.92804,0.859978,0.859978
"15x15/2r",0.6,7,225,1036,2222,2863,2606,3.6554,460,-1,0,11.5451,341,-1,0,8.705,0,2.7957,341,-1,0,0.316619,1.30751,0.258696,0.258696
"15x15/2r",0.6,2024,225,988,2290,3899,3255,0.9547,48,4146,1,9.4322,120,5297,1,8.0629,0,1.379,120,5297,1,0.101217,0.692313,-1.5,-1.5
"15x15/2r",0.6,999,225,1004,2156,3196,2780,4.7925,618,5319,1,9.7491,246,5319,1,7.5269,0,2.2176,246,5319,1,0.491584,2.16112,0.601942,0.601942
"15x15/2r",0.7,42,225,978,2543,3699,3352,3.4589,367,4075,1,10.3563,45,4077,1,9.4138,0,0.9293,45,4077,1,0.33399,3.72205,0.877384,0.877384
"15x15/2r",0.7,123,225,1008,1904,3550,3056,4.6616,486,4511,1,6.6029,0,4511,1,5.942,1,0.9889,59,4994,1,0.705993,4.71392,1,0.878601
"15x15/2r",0.7,7,225,1036,2222,2863,2670,4.2275,469,4181,1,11.92,118,4181,1,10.478,0,1.6899,118,4181,1,0.354656,2.50163,0.748401,0.748401
"15x15/2r",0.7,2024,225,988,2290,3899,3416,0.9875,56,4128,1,2.4873,0,4128,1,1.7538,1,1.0888,67,5009,1,0.397017,0.906962,1,-0.196429
"15x15/2r",0.7,999,225,1004,2156,3196,2884,1.4457,109,4291,1,2.5049,0,4291,1,1.7941,1,1.06,71,4291,1,0.577149,1.36387,1,0.348624
"15x15/2r",0.8,42,225,978,2543,3699,3467,2.7467,288,3953,1,9.2959,28,4049,1,8.3471,0,0.8025,28,4049,1,0.295474,3.42268,0.902778,0.902778
"15x15/2r",0.8,123,225,1008,1904,3550,3220,3.2175,334,4388,1,4.9238,0,4388,1,4.1578,1,1.3229,103,5239,1,0.653459,2.43216,1,0.691617
"15x15/2r",0.8,7,225,1036,2222,2863,2734,2.947,338,3770,1,11.6953,50,3770,1,10.6913,0,0.9919,50,3770,1,0.251982,2.97107,0.852071,0.852071
"15x15/2r",0.8,2024,225,988,2290,3899,3577,0.8975,46,4085,1,2.6694,0,4085,1,1.5756,1,0.8284,32,4177,1,0.336218,1.08341,1,0.304348
"15x15/2r",0.8,999,225,1004,2156,3196,2988,0.9944,61,4126,1,3.5138,0,4126,1,2.8219,1,0.9583,59,4126,1,0.282998,1.03767,1,0.0327869
"15x15/2r",0.9,42,225,978,2543,3699,3583,2.7256,318,3953,1,8.7436,28,4049,1,7.7868,0,0.8116,28,4049,1,0.311725,3.3583,0.91195,0.91195
"15x15/2r",0.9,123,225,1008,1904,3550,3385,3.6826,409,4379,1,7.559,0,4379,1,6.8618,1,0.7871,26,5182,1,0.487181,4.67869,1,0.93643
"15x15/2r",0.9,7,225,1036,2222,2863,2798,1.2391,83,3276,1,9.1887,0,3276,1,8.34,1,0.804,22,3620,1,0.13485,1.54117,1,0.73494
"15x15/2r",0.9,2024,225,988,2290,3899,3738,0.8506,31,4076,1,2.2657,0,4076,1,1.598,1,0.7537,24,4076,1,0.375425,1.12857,1,0.225806
"15x15/2r",0.9,999,225,1004,2156,3196,3092,0.903,37,3968,1,2.1462,0,3968,1,1.4702,1,0.7706,22,3994,1,0.420744,1.17181,1,0.405405
"15x15/2r",1,42,225,978,2543,3699,3699,0.8265,23,3544,1,2.6212,0,3544,1,1.7938,1,0.7379,22,3620,1,0.315314,1.12007,1,0.0434783
"15x15/2r",1,123,225,1008,1904,3550,3550,0.8016,22,4118,1,4.2074,0,4118,1,3.5485,1,0.7732,28,4875,1,0.190521,1.03673,1,-0.272727
"15x15/2r",1,7,225,1036,2222,2863,2863,0.8047,21,3051,1,2.1227,0,3051,1,1.4504,1,0.7519,19,3195,1,0.379093,1.07022,1,0.0952381
"15x15/2r",1,2024,225,988,2290,3899,3899,0.8,24,4033,1,2.1225,0,4076,1,1.4942,1,0.7563,24,4076,1,0.376914,1.05778,1,0
"15x15/2r",1,999,225,1004,2156,3196,3196,0.8032,24,3957,1,2.2421,0,3968,1,1.5727,1,0.7587,22,3994,1,0.358236,1.05865,1,0.0833333
"20x20/2r",0,42,400,1860,3205,5793,3205,1.2547,2,-1,0,12.9878,2,-1,0,11.6767,0,1.2339,2,-1,0,0.096606,1.01686,0,0
"20x20/2r",0,123,400,1878,3249,4898,3249,1.7552,1,-1,0,11.962,1,-1,0,10.7234,0,1.1967,1,-1,0,0.146731,1.4667,0,0
"20x20/2r",0,7,400,1852,2732,3989,2732,1.3182,3,-1,0,12.364,3,-1,0,11.0959,0,1.364,3,-1,0,0.106616,0.966422,0,0
"20x20/2r",0,2024,400,1854,2970,5400,2970,1.2569,1,-1,0,12.2282,1,-1,0,10.418,0,1.3236,1,-1,0,0.102787,0.949607,0,0
"20x20/2r",0,999,400,1886,2506,4555,2506,1.4777,1,-1,0,13.4283,1,-1,0,12.089,0,1.2244,1,-1,0,0.110044,1.20688,0,0
"20x20/2r",0.1,42,400,1860,3205,5793,3463,1.3758,24,-1,0,12.1585,24,-1,0,10.8141,0,1.2951,24,-1,0,0.113155,1.06231,0,0
"20x20/2r",0.1,123,400,1878,3249,4898,3413,1.3209,11,-1,0,12.2872,11,-1,0,10.9668,0,1.2492,11,-1,0,0.107502,1.0574,0,0
"20x20/2r",0.1,7,400,1852,2732,3989,2857,1.4493,4,-1,0,12.3728,4,-1,0,11.1106,0,1.2077,4,-1,0,0.117136,1.20005,0,0
"20x20/2r",0.1,2024,400,1854,2970,5400,3213,1.6538,23,-1,0,11.6906,23,-1,0,10.3804,0,1.2726,23,-1,0,0.141464,1.29954,0,0
"20x20/2r",0.1,999,400,1886,2506,4555,2710,1.5651,31,-1,0,12.6707,31,-1,0,10.9957,0,1.44,31,-1,0,0.123521,1.08687,0,0
"20x20/2r",0.2,42,400,1860,3205,5793,3722,5.9254,729,-1,0,17.2261,741,-1,0,11.2394,0,6.3852,741,-1,0,0.343978,0.92799,-0.0164609,-0.0164609
"20x20/2r",0.2,123,400,1878,3249,4898,3578,2.1798,146,-1,0,12.8645,141,-1,0,10.7774,0,2.0738,141,-1,0,0.169443,1.05111,0.0342466,0.0342466
"20x20/2r",0.2,7,400,1852,2732,3989,2983,1.2997,8,-1,0,12.1995,8,-1,0,10.9376,0,1.2102,8,-1,0,0.106537,1.07395,0,0
"20x20/2r",0.2,2024,400,1854,2970,5400,3456,2.5289,194,-1,0,12.6016,209,-1,0,10.0845,0,2.9129,209,-1,0,0.200681,0.868173,-0.0773196,-0.0773196
"20x20/2r",0.2,999,400,1886,2506,4555,2915,3.4656,320,-1,0,15.6262,300,-1,0,12.2058,0,3.2152,300,-1,0,0.221781,1.07788,0.0625,0.0625
"20x20/2r",0.3,42,400,1860,3205,5793,3981,28.7322,3500,7786,1,35.5379,1102,7877,1,26.0989,0,8.6711,1102,7877,1,0.808495,3.31356,0.685143,0.685143
"20x20/2r",0.3,123,400,1878,3249,4898,3743,5.8468,662,-1,0,19.5316,644,-1,0,14.1731,0,5.8263,644,-1,0,0.299351,1.00352,0.0271903,0.0271903
"20x20/2r",0.3,7,400,1852,2732,3989,3109,1.3372,18,-1,0,13.0985,18,-1,0,11.3913,0,1.3625,18,-1,0,0.102088,0.981431,0,0
"20x20/2r",0.3,2024,400,1854,2970,5400,3699,10.5502,1183,-1,0,21.7452,1306,-1,0,11.5011,0,10.4298,1306,-1,0,0.485174,1.01154,-0.103973,-0.103973
"20x20/2r",0.3,999,400,1886,2506,4555,3120,9.4913,1024,6812,1,23.5706,204,6868,1,20.9383,0,3.1355,204,6868,1,0.402675,3.02705,0.800781,0.800781
"20x20/2r",0.4,42,400,1860,3205,5793,4240,39.5161,4562,6963,1,18.6724,0,6963,1,17.1594,1,8.6406,1073,7498,1,2.11628,4.57331,1,0.764796
"20x20/2r",0.4,123,400,1878,3249,4898,3908,12.6993,1467,6949,1,28.6532,671,6949,1,22.9045,0,6.1632,671,6949,1,0.443207,2.0605,0.542604,0.542604
"20x20/2r",0.4,7,400,1852,2732,3989,3234,1.616,72,-1,0,11.9023,73,-1,0,10.1416,0,1.6508,73,-1,0,0.135772,0.978919,-0.0138889,-0.0138889
"20x20/2r",0.4,2024,400,1854,2970,5400,3942,28.2421,3362,7832,1,35.7276,2606,7832,1,13.7991,0,21.53,2606,7832,1,0.790484,1.31176,0.224866,0.224866
"20x20/2r",0.4,999,400,1886,2506,4555,3325,9.0344,945,6034,1,29.9523,503,6830,1,24.473,0,4.8358,503,6830,1,0.301626,1.86823,0.467725,0.467725
"20x20/2r",0.5,42,400,1860,3205,5793,4499,59.601,6101,6749,1,65.48,1152,7365,1,54.5464,0,8.7207,1152,7365,1,0.910217,6.83443,0.811178,0.811178
"20x20/2r",0.5,123,400,1878,3249,4898,4073,13.8577,1635,6426,1,35.6837,522,6848,1,30.7235,0,4.6249,522,6848,1,0.388348,2.99632,0.680734,0.680734
"20x20/2r",0.5,7,400,1852,2732,3989,3360,3.2236,263,-1,0,15.3596,271,-1,0,12.154,0,2.9036,271,-1,0,0.209875,1.11021,-0.0304183,-0.0304183
"20x20/2r",0.5,2024,400,1854,2970,5400,4185,20.8762,2433,6412,1,25.7705,956,6601,1,17.9637,0,8.0191,956,6601,1,0.810081,2.60331,0.607069,0.607069
"20x20/2r",0.5,999,400,1886,2506,4555,3530,5.3519,584,5703,1,13.8295,0,5703,1,12.5808,1,2.5806,228,6856,1,0.386992,2.0739,1,0.609589
"20x20/2r",0.6,42,400,1860,3205,5793,4757,40.2857,4334,6338,1,45.4738,405,6546,1,41.0619,0,3.7252,405,6546,1,0.88591,10.8144,0.906553,0.906553
"20x20/2r",0.6,123,400,1878,3249,4898,4238,14.0739,1694,6192,1,30.8784,474,7004,1,26.5371,0,4.61,474,7004,1,0.455785,3.05291,0.720189,0.720189
"20x20/2r",0.6,7,400,1852,2732,3989,3486,6.832,766,9310,1,21.9976,751,9310,1,15.6316,0,10.7698,751,9310,1,0.310579,0.634366,0.0195822,0.0195822
"20x20/2r",0.6,2024,400,1854,2970,5400,4428,8.7063,924,5702,1,25.0809,1031,6182,1,15.8704,0,8.7516,1031,6182,1,0.347129,0.994824,-0.115801,-0.115801
"20x20/2r",0.6,999,400,1886,2506,4555,3735,3.8788,350,5548,1,5.4746,0,5548,1,4.1231,1,1.7885,81,6427,1,0.708508,2.16874,1,0.768571
"20x20/2r",0.7,42,400,1860,3205,5793,5016,7.7986,794,5688,1,27.5542,95,6113,1,25.5364,0,1.8976,95,6113,1,0.283028,4.10972,0.880353,0.880353
"20x20/2r",0.7,123,400,1878,3249,4898,4403,9.857,1009,5901,1,26.3659,50,6068,1,24.6875,0,1.5821,50,6068,1,0.373854,6.23033,0.950446,0.950446
"20x20/2r",0.7,7,400,1852,2732,3989,3611,5.0533,544,6177,1,18.6605,737,6177,1,12.0337,0,6.5974,737,6177,1,0.270802,0.765953,-0.354779,-0.354779
"20x20/2r",0.7,2024,400,1854,2970,5400,4671,4.2466,402,5431,1,18.8611,367,6093,1,15.0781,0,3.4911,367,6093,1,0.225151,1.21641,0.0870647,0.0870647
"20x20/2r",0.7,999,400,1886,2506,4555,3940,2.7748,211,5427,1,8.0426,0,5427,1,6.6319,1,1.5638,47,6293,1,0.345013,1.7744,1,0.777251
"20x20/2r",0.8,42,400,1860,3205,5793,5275,2.5495,184,5433,1,13.8055,0,5433,1,12.5182,1,1.5569,62,5615,1,0.184673,1.63755,1,0.663043
"20x20/2r",0.8,123,400,1878,3249,4898,4568,4.7094,428,5619,1,19.0089,33,5789,1,17.5147,0,1.4075,33,5789,1,0.247747,3.34593,0.922897,0.922897
"20x20/2r",0.8,7,400,1852,2732,3989,3737,2.4059,179,5582,1,16.1896,229,5582,1,13.4653,0,3.1232,229,5582,1,0.148608,0.770332,-0.27933,-0.27933
"20x20/2r",0.8,2024,400,1854,2970,5400,4914,2.7492,214,5298,1,15.4623,94,5327,1,13.68,0,1.6971,94,5327,1,0.1778,1.61994,0.560748,0.560748
"20x20/2r",0.8,999,400,1886,2506,4555,4145,2.3198,162,5382,1,15.5439,43,5943,1,14.0159,0,1.4468,43,5943,1,0.149242,1.6034,0.734568,0.734568
"20x20/2r",0.9,42,400,1860,3205,5793,5534,2.4288,130,5377,1,15.6903,32,5409,1,14.2563,0,1.4029,32,5409,1,0.154796,1.73127,0.753846,0.753846
"20x20/2r",0.9,123,400,1878,3249,4898,4733,2.1548,147,5398,1,12.293,0,5398,1,11.0193,1,1.4631,50,5654,1,0.175287,1.47276,1,0.659864
"20x20/2r",0.9,7,400,1852,2732,3989,3863,1.8029,101,5399,1,12.5113,106,5399,1,10.743,0,1.7494,106,5399,1,0.144102,1.03058,-0.049505,-0.049505
"20x20/2r",0.9,2024,400,1854,2970,5400,5157,1.6599,40,5124,1,12.25,45,5124,1,10.7312,0,1.6051,45,5124,1,0.135502,1.03414,-0.125,-0.125
"20x20/2r",0.9,999,400,1886,2506,4555,4350,1.5731,54,5316,1,3.8478,0,5316,1,2.5943,1,1.4348,35,5519,1,0.408831,1.09639,1,0.351852
"20x20/2r",1,42,400,1860,3205,5793,5793,1.4208,34,5326,1,4.4027,0,5338,1,3.0645,1,1.3751,32,5409,1,0.322711,1.03323,1,0.0588235
"20x20/2r",1,123,400,1878,3249,4898,4898,1.4015,32,5203,1,6.0233,0,5203,1,4.7252,1,1.3489,29,5458,1,0.23268,1.03899,1,0.09375
"20x20/2r",1,7,400,1852,2732,3989,3989,1.3507,27,5221,1,3.8173,0,5326,1,2.5824,1,1.3899,42,5221,1,0.353836,0.971797,1,-0.555556
"20x20/2r",1,2024,400,1854,2970,5400,5400,1.3642,31,5071,1,3.8876,0,5071,1,2.4813,1,1.3796,31,5071,1,0.350911,0.988837,1,0
"20x20/2r",1,999,400,1886,2506,4555,4555,1.4315,31,5304,1,3.8187,0,5304,1,2.5414,1,1.3728,28,5351,1,0.374866,1.04276,1,0.0967742
"25x25/2r",0,42,625,2934,3662,6941,3662,2.2964,2,-1,0,17.9846,2,-1,0,15.9183,0,1.9849,2,-1,0,0.127687,1.15693,0,0
"25x25/2r",0,123,625,2904,3900,6018,3900,2.1318,1,-1,0,19.7191,1,-1,0,17.3604,0,2.1104,1,-1,0,0.108108,1.01014,0,0
"25x25/2r",0,7,625,2912,3617,6392,3617,2.1422,2,-1,0,18.7877,2,-1,0,16.7114,0,1.9689,2,-1,0,0.114021,1.08802,0,0
"25x25/2r",0,2024,625,2870,3757,7515,3757,2.1507,2,-1,0,18.6952,2,-1,0,16.7206,0,1.9108,2,-1,0,0.11504,1.12555,0,0
"25x25/2r",0,999,625,2906,3620,6806,3620,2.9661,1,-1,0,18.8187,1,-1,0,16.8199,0,1.9226,1,-1,0,0.157615,1.54275,0,0
"25x25/2r",0.1,42,625,2934,3662,6941,3989,2.2029,15,-1,0,18.488,15,-1,0,16.4608,0,1.9772,15,-1,0,0.119153,1.11415,0,0
"25x25/2r",0.1,123,625,2904,3900,6018,4111,2.0541,13,-1,0,17.9562,13,-1,0,15.9436,0,1.9508,13,-1,0,0.114395,1.05295,0,0
"25x25/2r",0.1,7,625,2912,3617,6392,3894,2.1539,19,-1,0,18.4426,20,-1,0,16.2583,0,2.1707,20,-1,0,0.116789,0.992261,-0.0526316,-0.0526316
"25x25/2r",0.1,2024,625,2870,3757,7515,4132,2.5035,29,-1,0,17.7316,30,-1,0,15.5813,0,2.0326,30,-1,0,0.141189,1.23167,-0.0344828,-0.0344828
"25x25/2r",0.1,999,625,2906,3620,6806,3938,2.4083,74,-1,0,18.3972,74,-1,0,15.8861,0,2.3639,74,-1,0,0.130906,1.01878,0,0
"25x25/2r",0.2,42,625,2934,3662,6941,4317,3.237,232,-1,0,19.466,232,-1,0,16.1341,0,3.5237,232,-1,0,0.16629,0.918637,0,0
"25x25/2r",0.2,123,625,2904,3900,6018,4323,3.3908,215,-1,0,19.3963,213,-1,0,16.2546,0,3.6298,213,-1,0,0.174817,0.934156,0.00930233,0.00930233
"25x25/2r",0.2,7,625,2912,3617,6392,4172,4.1143,307,-1,0,20.3994,299,-1,0,16.3858,0,3.6231,299,-1,0,0.201687,1.13557,0.0260586,0.0260586
"25x25/2r",0.2,2024,625,2870,3757,7515,4508,9.8736,1122,-1,0,25.7944,1165,-1,0,16.5911,0,10.7975,1165,-1,0,0.382781,0.914434,-0.0383244,-0.0383244
"25x25/2r",0.2,999,625,2906,3620,6806,4257,11.6281,1324,-1,0,27.1229,1214,-1,0,17.4607,0,9.5454,1214,-1,0,0.428719,1.21819,0.0830816,0.0830816
"25x25/2r",0.3,42,625,2934,3662,6941,4645,29.9951,3422,-1,0,48.4972,3223,-1,0,21.9948,0,24.7294,3223,-1,0,0.618491,1.21293,0.0581531,0.0581531
"25x25/2r",0.3,123,625,2904,3900,6018,4535,14.3759,1546,-1,0,29.0361,1526,-1,0,17.0717,0,13.404,1526,-1,0,0.495104,1.07251,0.0129366,0.0129366
"25x25/2r",0.3,7,625,2912,3617,6392,4449,24.2494,2730,8768,1,32.6451,1112,8768,1,23.4856,0,9.1756,1112,8768,1,0.742819,2.64281,0.592674,0.592674
"25x25/2r",0.3,2024,625,2870,3757,7515,4884,78.5786,8982,10213,1,62.6674,4247,10223,1,27.1876,0,34.5948,4247,10223,1,1.2539,2.2714,0.527165,0.527165
"25x25/2r",0.3,999,625,2906,3620,6806,4575,64.3083,7270,9167,1,58.2898,1431,9231,1,46.9194,0,11.3702,1431,9231,1,1.10325,5.65586,0.803164,0.803164
"25x25/2r",0.4,42,625,2934,3662,6941,4973,60.3989,6649,8597,1,53.1018,1921,9083,1,36.1932,0,16.6737,1921,9083,1,1.13742,3.62241,0.711084,0.711084
"25x25/2r",0.4,123,625,2904,3900,6018,4747,50.2386,5169,9128,1,64.1096,2142,9128,1,46.237,0,17.6036,2142,9128,1,0.783636,2.85388,0.585607,0.585607
"25x25/2r",0.4,7,625,2912,3617,6392,4727,51.2707,5975,7943,1,69.093,892,8014,1,60.5871,0,8.6377,892,8014,1,0.742053,5.93569,0.850711,0.850711
"25x25/2r",0.4,2024,625,2870,3757,7515,5260,97.4722,9848,8201,1,72.6527,3923,8201,1,39.5338,0,36.9244,3923,8201,1,1.34162,2.63978,0.601645,0.601645
"25x25/2r",0.4,999,625,2906,3620,6806,4894,122.778,12282,8230,1,87.9813,223,8381,1,83.4117,0,3.6777,223,8381,1,1.3955,33.3843,0.981843,0.981843
"25x25/2r",0.5,42,625,2934,3662,6941,5301,8.8101,851,7128,1,40.6896,1434,9038,1,27.9253,0,11.7743,1434,9038,1,0.21652,0.748248,-0.685076,-0.685076
"25x25/2r",0.5,123,625,2904,3900,6018,4959,69.7518,7453,8311,1,64.2283,1338,8990,1,53.2769,0,11.1777,1338,8990,1,1.086,6.24026,0.820475,0.820475
"25x25/2r",0.5,7,625,2912,3617,6392,5004,24.4698,2880,6898,1,49.7369,539,7694,1,43.9876,0,5.2382,539,7694,1,0.491985,4.67141,0.812847,0.812847
"25x25/2r",0.5,2024,625,2870,3757,7515,5636,51.936,5855,7545,1,42.7257,0,7545,1,40.392,1,22.0356,2447,9287,1,1.21557,2.35691,1,0.582067
"25x25/2r",0.5,999,625,2906,3620,6806,5213,80.6546,8539,7599,1,85.1807,76,7860,1,82.3001,0,2.6371,76,7860,1,0.946865,30.5846,0.9911,0.9911
"25x25/2r",0.6,42,625,2934,3662,6941,5629,4.7452,362,6835,1,31.6484,603,8256,1,25.7272,0,5.7585,603,8256,1,0.149935,0.824034,-0.665746,-0.665746
"25x25/2r",0.6,123,625,2904,3900,6018,5170,38.8862,4445,7593,1,31.125,0,7593,1,28.6909,1,4.7334,351,8477,1,1.24936,8.21528,1,0.921035
"25x25/2r",0.6,7,625,2912,3617,6392,5282,18.1715,2020,6521,1,38.8618,946,7587,1,30.1077,0,8.1865,946,7587,1,0.467593,2.21969,0.531683,0.531683
"25x25/2r",0.6,2024,625,2870,3757,7515,6011,30.1266,3735,7227,1,45.7806,210,7640,1,42.4852,0,3.1872,210,7640,1,0.658065,9.45237,0.943775,0.943775
"25x25/2r",0.6,999,625,2906,3620,6806,5531,39.6557,4704,7225,1,63.4436,146,7683,1,60.2314,0,2.8801,146,7683,1,0.625054,13.7689,0.968963,0.968963
"25x25/2r",0.7,42,625,2934,3662,6941,5957,2.6842,106,6634,1,6.314,0,6634,1,4.2669,1,2.2255,48,7850,1,0.425119,1.20611,1,0.54717
"25x25/2r",0.7,123,625,2904,3900,6018,5382,25.5159,3037,7307,1,36.022,0,7307,1,32.9406,1,3.1278,139,8432,1,0.708342,8.15778,1,0.954231
"25x25/2r",0.7,7,625,2912,3617,6392,5559,9.1635,913,6130,1,36.3805,752,7008,1,29.345,0,7.0358,752,7008,1,0.251879,1.30241,0.176342,0.176342
"25x25/2r",0.7,2024,625,2870,3757,7515,6387,22.9457,2846,7068,1,45.504,155,7139,1,42.4938,0,2.8252,155,7139,1,0.504257,8.1218,0.945538,0.945538
"25x25/2r",0.7,999,625,2906,3620,6806,5850,17.0389,2131,6955,1,34.3162,81,7557,1,31.4741,0,2.4911,81,7557,1,0.496526,6.83991,0.96199,0.96199
"25x25/2r",0.8,42,625,2934,3662,6941,6285,3.1065,82,6567,1,13.9431,0,6567,1,11.5385,1,2.4,44,6717,1,0.222798,1.29438,1,0.463415
"25x25/2r",0.8,123,625,2904,3900,6018,5594,14.296,1545,7067,1,30.7968,83,7807,1,28.2438,0,2.3819,83,7807,1,0.464204,6.00193,0.946278,0.946278
"25x25/2r",0.8,7,625,2912,3617,6392,5837,4.2613,296,5902,1,15.0333,0,5902,1,12.878,1,3.4997,195,6735,1,0.283457,1.21762,1,0.341216
"25x25/2r",0.8,2024,625,2870,3757,7515,6763,4.9781,500,6801,1,29.4268,50,7148,1,27.1624,0,2.2434,50,7148,1,0.169169,2.219,0.9,0.9
"25x25/2r",0.8,999,625,2906,3620,6806,6168,3.2117,219,6649,1,18.2852,0,6649,1,16.0973,1,2.2961,49,7000,1,0.175645,1.39876,1,0.776256
"25x25/2r",0.9,42,625,2934,3662,6941,6613,2.7007,83,6549,1,6.2879,0,6549,1,4.1928,1,2.2563,40,6577,1,0.429507,1.19696,1,0.518072
"25x25/2r",0.9,123,625,2904,3900,6018,5806,6.7605,605,6936,1,21.6378,46,7190,1,19.4535,0,2.1134,46,7190,1,0.312439,3.19887,0.923967,0.923967
"25x25/2r",0.9,7,625,2912,3617,6392,6114,2.8711,156,5817,1,6.226,0,5817,1,4.2258,1,2.5035,98,6307,1,0.461147,1.14683,1,0.371795
"25x25/2r",0.9,2024,625,2870,3757,7515,7139,4.3508,331,6754,1,21.7863,37,6968,1,19.6063,0,2.1269,37,6968,1,0.199703,2.04561,0.888218,0.888218
"25x25/2r",0.9,999,625,2906,3620,6806,6487,2.5528,86,6581,1,5.8,0,6581,1,3.869,1,2.0899,41,6581,1,0.440138,1.22149,1,0.523256
"25x25/2r",1,42,625,2934,3662,6941,6941,3.2807,42,6536,1,8.3821,0,6536,1,6.1605,1,2.287,39,6562,1,0.391394,1.4345,1,0.0714286
"25x25/2r",1,123,625,2904,3900,6018,6018,2.3287,43,6825,1,6.173,0,6831,1,4.1248,1,2.1704,42,6988,1,0.37724,1.07294,1,0.0232558
"25x25/2r",1,7,625,2912,3617,6392,6392,2.4158,40,5708,1,6.0128,0,5708,1,3.9723,1,2.2202,41,5911,1,0.401776,1.0881,1,-0.025
"25x25/2r",1,2024,625,2870,3757,7515,7515,2.7118,44,6683,1,6.2356,0,6690,1,4.1542,1,2.2238,37,6968,1,0.43489,1.21944,1,0.159091
"25x25/2r",1,999,625,2906,3620,6806,6806,2.6169,41,6467,1,5.9204,0,6467,1,3.9381,1,2.1765,41,6467,1,0.442014,1.20234,1,0
"30x30/2r",0,42,900,4244,4021,8226,4021,3.3197,2,-1,0,26.6266,2,-1,0,23.5765,0,3.2904,2,-1,0,0.124676,1.0089,0,0
"30x30/2r",0,123,900,4238,4004,8025,4004,3.0004,1,-1,0,26.1047,1,-1,0,23.1491,0,2.9098,1,-1,0,0.114937,1.03114,0,0
"30x30/2r",0,7,900,4208,3878,9828,3878,3.4328,2,-1,0,26.6533,2,-1,0,23.4641,0,3.471,2,-1,0,0.128795,0.988995,0,0
"30x30/2r",0,2024,900,4234,4611,9502,4611,3.1116,1,-1,0,31.3796,1,-1,0,25.7054,0,3.3372,1,-1,0,0.09916,0.932398,0,0
"30x30/2r",0,999,900,4204,3961,7459,3961,3.2617,5,-1,0,27.1381,5,-1,0,23.7095,0,3.1587,5,-1,0,0.120189,1.03261,0,0
"30x30/2r",0.1,42,900,4244,4021,8226,4441,3.7497,83,-1,0,27.1017,80,-1,0,23.6257,0,3.5118,80,-1,0,0.138357,1.06774,0.0361446,0.0361446
"30x30/2r",0.1,123,900,4238,4004,8025,4406,4.7833,341,-1,0,28.7147,370,-1,0,23.7385,0,4.9985,370,-1,0,0.16658,0.956947,-0.085044,-0.085044
"30x30/2r",0.1,7,900,4208,3878,9828,4473,6.1188,150,-1,0,33.4883,147,-1,0,28.0267,0,3.7269,147,-1,0,0.182715,1.64179,0.02,0.02
"30x30/2r",0.1,2024,900,4234,4611,9502,5100,4.581,266,-1,0,32.4947,262,-1,0,27.7101,0,4.4561,262,-1,0,0.140977,1.02803,0.0150376,0.0150376
"30x30/2r",0.1,999,900,4204,3961,7459,4310,3.4503,105,-1,0,28.9048,104,-1,0,25.071,0,3.9088,104,-1,0,0.119368,0.882701,0.00952381,0.00952381
"30x30/2r",0.2,42,900,4244,4021,8226,4862,15.116,1652,-1,0,40.7192,1498,-1,0,27.0259,0,12.9187,1498,-1,0,0.371225,1.17009,0.0932203,0.0932203
"30x30/2r",0.2,123,900,4238,4004,8025,4808,50.2787,5559,12222,1,84.3158,5223,12375,1,43.7973,0,46.0974,5223,12375,1,0.596314,1.09071,0.0604425,0.0604425
"30x30/2r",0.2,7,900,4208,3878,9828,5068,45.8118,5307,-1,0,65.7173,5397,-1,0,24.5692,0,43.8589,5397,-1,0,0.697104,1.04453,-0.0169587,-0.0169587
"30x30/2r",0.2,2024,900,4234,4611,9502,5589,34.7146,4248,-1,0,57.6448,3985,-1,0,24.7153,0,35.9273,3985,-1,0,0.602216,0.966246,0.0619115,0.0619115
"30x30/2r",0.2,999,900,4204,3961,7459,4660,21.8018,2804,-1,0,44.8751,2566,-1,0,24.412,0,20.9963,2566,-1,0,0.485833,1.03836,0.0848787,0.0848787
"30x30/2r",0.3,42,900,4244,4021,8226,5282,67.3542,7692,9836,1,60.455,1890,10262,1,42.6436,0,16.9669,1890,10262,1,1.11412,3.96974,0.75429,0.75429
"30x30/2r",0.3,123,900,4238,4004,8025,5210,81.1428,9656,9612,1,117.201,3350,10023,1,86.3396,0,30.2552,3350,10023,1,0.692339,2.68195,0.653065,0.653065
"30x30/2r",0.3,7,900,4208,3878,9828,5663,202.64,19926,10351,1,159.555,8153,10536,1,93.2149,0,75.1009,8153,10536,1,1.27003,2.69824,0.590836,0.590836
"30x30/2r",0.3,2024,900,4234,4611,9502,6078,212.57,19205,9954,1,103.026,1525,10198,1,86.2661,0,16.3828,1525,10198,1,2.06326,12.9752,0.920594,0.920594
"30x30/2r",0.3,999,900,4204,3961,7459,5010,104.616,10239,10237,1,72.8716,1728,10237,1,57.8116,0,17.7795,1728,10237,1,1.43562,5.88409,0.831234,0.831234
"30x30/2r",0.4,42,900,4244,4021,8226,5703,39.7182,4515,8723,1,69.8814,1485,10181,1,57.039,0,12.0635,1485,10181,1,0.568366,3.29243,0.671096,0.671096
"30x30/2r",0.4,123,900,4238,4004,8025,5612,58.1673,6235,8733,1,118.462,3024,10537,1,93.7888,0,26.1127,3024,10537,1,0.491022,2.22755,0.514996,0.514996
"30x30/2r",0.4,7,900,4208,3878,9828,6258,153.798,14416,9076,1,116.274,335,10049,1,110.79,0,4.8441,335,10049,1,1.32272,31.7496,0.976762,0.976762
"30x30/2r",0.4,2024,900,4234,4611,9502,6567,257.163,21658,9097,1,112.912,419,9458,1,106.218,0,5.7823,419,9458,1,2.27755,44.4742,0.980654,0.980654
"30x30/2r",0.4,999,900,4204,3961,7459,5360,101.703,11019,9196,1,99.0177,889,9511,1,89.7079,0,9.1733,889,9511,1,1.02712,11.0868,0.919321,0.919321
"30x30/2r",0.5,42,900,4244,4021,8226,6123,22.2586,2015,8279,1,32.1126,0,8279,1,28.864,1,4.7195,220,9111,1,0.693142,4.7163,1,0.890819
"30x30/2r",0.5,123,900,4238,4004,8025,6014,30.3482,3671,8274,1,72.8894,590,9669,1,64.7051,0,6.7522,590,9669,1,0.41636,4.49456,0.839281,0.839281
"30x30/2r",0.5,7,900,4208,3878,9828,6853,91.8308,9218,8584,1,102.178,415,9950,1,96.3268,0,5.3108,415,9950,1,0.898735,17.2913,0.954979,0.954979
"30x30/2r",0.5,2024,900,4234,4611,9502,7056,16.27,1880,8187,1,48.9452,1179,9932,1,38.2496,0,11.1067,1179,9932,1,0.332413,1.46488,0.372872,0.372872
"30x30/2r",0.5,999,900,4204,3961,7459,5710,84.8853,8987,8615,1,116.571,531,8938,1,109.312,0,6.256,531,8938,1,0.728188,13.5686,0.940915,0.940915
"30x30/2r",0.6,42,900,4244,4021,8226,6544,14.4276,1552,8145,1,37.3313,0,8145,1,34.1996,1,3.8626,180,9106,1,0.386475,3.7352,1,0.884021
"30x30/2r",0.6,123,900,4238,4004,8025,6416,7.357,674,7837,1,11.1221,0,7837,1,7.7776,1,4.4595,268,9051,1,0.661476,1.64974,1,0.602374
"30x30/2r",0.6,7,900,4208,3878,9828,7448,25.7239,2896,8195,1,16.9336,0,8195,1,12.9011,1,4.4856,281,9262,1,1.5191,5.73477,1,0.90297
"30x30/2r",0.6,2024,900,4234,4611,9502,7545,5.8215,459,7984,1,10.306,0,7984,1,7.0928,1,5.1661,382,10117,1,0.564865,1.12687,1,0.167756
"30x30/2r",0.6,999,900,4204,3961,7459,6059,52.4293,6160,8198,1,88.9361,446,8931,1,82.6014,0,5.578,446,8931,1,0.589517,9.3993,0.927597,0.927597
"30x30/2r",0.7,42,900,4244,4021,8226,6964,9.5338,1000,8034,1,45.8668,89,8318,1,41.475,0,3.7172,89,8318,1,0.207858,2.56478,0.911,0.911
"30x30/2r",0.7,123,900,4238,4004,8025,6818,6.8172,533,7728,1,18.2314,0,7728,1,14.8554,1,8.4236,821,8613,1,0.373926,0.809298,1,-0.540338
"30x30/2r",0.7,7,900,4208,3878,9828,8043,13.1852,1511,8039,1,48.3262,411,9322,1,42.4607,0,5.6185,411,9322,1,0.272838,2.34675,0.727995,0.727995
"30x30/2r",0.7,2024,900,4234,4611,9502,8034,6.7646,486,7978,1,9.7927,0,7978,1,6.8273,1,5.8088,456,9649,1,0.69078,1.16454,1,0.0617284
"30x30/2r",0.7,999,900,4204,3961,7459,6409,21.9594,2528,7753,1,67.3015,247,8165,1,61.9908,0,4.7116,247,8165,1,0.326284,4.66071,0.902294,0.902294
"30x30/2r",0.8,42,900,4244,4021,8226,7385,7.2111,680,7964,1,32.8839,91,8161,1,29.5263,0,3.3563,91,8161,1,0.21929,2.14853,0.866176,0.866176
"30x30/2r",0.8,123,900,4238,4004,8025,7220,6.3259,522,7633,1,16.326,0,7633,1,13.4092,1,3.4522,65,8188,1,0.387474,1.83243,1,0.875479
"30x30/2r",0.8,7,900,4208,3878,9828,8638,19.3186,2141,7980,1,46.5816,301,9027,1,41.8168,0,4.5697,301,9027,1,0.414726,4.22754,0.859411,0.859411
"30x30/2r",0.8,2024,900,4234,4611,9502,8523,4.2304,232,7920,1,33.0477,82,9149,1,29.3276,0,3.3411,82,9149,1,0.128009,1.26617,0.646552,0.646552
"30x30/2r",0.8,999,900,4204,3961,7459,6759,16.0888,1640,7576,1,42.6743,118,7706,1,38.4681,0,3.6203,118,7706,1,0.377014,4.44405,0.928049,0.928049
"30x30/2r",0.9,42,900,4244,4021,8226,7805,6.2325,493,7905,1,30.9093,104,8379,1,27.2916,0,3.4252,104,8379,1,0.201638,1.8196,0.789047,0.789047
"30x30/2r",0.9,123,900,4238,4004,8025,7622,4.2464,193,7505,1,30.9856,45,7602,1,27.4938,0,3.2106,45,7602,1,0.137044,1.32262,0.766839,0.766839
"30x30/2r",0.9,7,900,4208,3878,9828,9233,11.2749,1176,7830,1,44.7019,211,8769,1,40.0641,0,4.2071,211,8769,1,0.252224,2.67997,0.820578,0.820578
"30x30/2r",0.9,2024,900,4234,4611,9502,9012,4.5837,270,7919,1,31.0587,56,8219,1,27.0081,0,3.4092,56,8219,1,0.147582,1.34451,0.792593,0.792593
"30x30/2r",0.9,999,900,4204,3961,7459,7109,4.3695,236,7280,1,14.2863,0,7280,1,11.423,1,3.2716,51,7394,1,0.305852,1.33559,1,0.783898
"30x30/2r",1,42,900,4244,4021,8226,8226,3.1808,50,7653,1,9.0406,0,7653,1,5.406,1,3.44,50,7653,1,0.351835,0.924651,1,0
"30x30/2r",1,123,900,4238,4004,8025,8025,3.3094,50,7459,1,18.9975,0,7459,1,15.4797,1,3.1507,45,7602,1,0.174202,1.05037,1,0.1
"30x30/2r",1,7,900,4208,3878,9828,9828,3.2377,56,7629,1,13.3751,0,7629,1,10.4196,1,3.8348,83,8389,1,0.242069,0.844294,1,-0.482143
"30x30/2r",1,2024,900,4234,4611,9502,9502,3.3588,54,7868,1,8.8798,0,7868,1,5.8831,1,3.1829,50,8004,1,0.378252,1.05526,1,0.0740741
"30x30/2r",1,999,900,4204,3961,7459,7459,3.2067,50,7190,1,8.9121,0,7190,1,5.858,1,3.3871,49,7220,1,0.359814,0.946739,1,0.02
"35x35/2r",0,42,1225,5830,5078,9644,5078,4.1398,2,-1,0,36.6848,2,-1,0,32.3442,0,4.8198,2,-1,0,0.112848,0.858915,0,0
"35x35/2r",0,123,1225,5774,4422,9234,4422,4.1277,1,-1,0,36.07,1,-1,0,31.38,0,4.0794,1,-1,0,0.114436,1.01184,0,0
"35x35/2r",0,7,1225,5804,4752,9849,4752,4.9694,3,-1,0,38.0601,3,-1,0,33.3395,0,4.5223,3,-1,0,0.130567,1.09887,0,0
"35x35/2r",0,2024,1225,5824,4938,9188,4938,4.3523,1,-1,0,40.1819,1,-1,0,35.7162,0,4.0495,1,-1,0,0.108315,1.07477,0,0
"35x35/2r",0,999,1225,5824,4318,7505,4318,4.1295,1,-1,0,35.9247,1,-1,0,31.6967,0,4.2341,1,-1,0,0.114949,0.975296,0,0
"35x35/2r",0.1,42,1225,5830,5078,9644,5534,5.6793,291,-1,0,46.5098,290,-1,0,39.0893,0,6.2531,290,-1,0,0.12211,0.908238,0.00343643,0.00343643
"35x35/2r",0.1,123,1225,5774,4422,9234,4903,4.8709,51,-1,0,44.3195,51,-1,0,35.7254,0,5.3225,51,-1,0,0.109904,0.915153,0,0
"35x35/2r",0.1,7,1225,5804,4752,9849,5261,5.1144,167,-1,0,46.12,164,-1,0,40.1779,0,4.9707,164,-1,0,0.110893,1.02891,0.0179641,0.0179641
"35x35/2r",0.1,2024,1225,5824,4938,9188,5363,5.2722,191,-1,0,37.5772,190,-1,0,32.2339,0,5.1631,190,-1,0,0.140303,1.02113,0.0052356,0.0052356
"35x35/2r",0.1,999,1225,5824,4318,7505,4636,4.7392,128,-1,0,37.8096,127,-1,0,32.3631,0,4.8095,127,-1,0,0.125344,0.985383,0.0078125,0.0078125
"35x35/2r",0.2,42,1225,5830,5078,9644,5991,66.926,7522,-1,0,108.626,7967,-1,0,39.9252,0,83.648,7967,-1,0,0.616113,0.800091,-0.0591598,-0.0591598
"35x35/2r",0.2,123,1225,5774,4422,9234,5384,12.0021,1180,-1,0,46.7204,1231,-1,0,33.2055,0,12.081,1231,-1,0,0.256892,0.993469,-0.0432203,-0.0432203
"35x35/2r",0.2,7,1225,5804,4752,9849,5771,46.5028,5682,-1,0,83.8457,5474,-1,0,39.2529,0,42.3972,5474,-1,0,0.554624,1.09684,0.0366068,0.0366068
"35x35/2r",0.2,2024,1225,5824,4938,9188,5788,29.6054,3558,-1,0,66.1584,3655,-1,0,34.3481,0,30.0566,3655,-1,0,0.447493,0.984988,-0.0272625,-0.0272625
"35x35/2r",0.2,999,1225,5824,4318,7505,4955,26.6086,2994,-1,0,63.3987,3189,-1,0,34.6616,0,30.4493,3189,-1,0,0.419703,0.873866,-0.0651303,-0.0651303
"35x35/2r",0.3,42,1225,5830,5078,9644,6447,241.872,20466,11726,1,131.177,4741,13092,1,87.667,0,41.3226,4741,13092,1,1.84386,5.85327,0.768348,0.768348
"35x35/2r",0.3,123,1225,5774,4422,9234,5865,94.932,10406,13557,1,127.281,9020,13557,1,44.5944,0,78.965,9020,13557,1,0.745844,1.2022,0.133192,0.133192
"35x35/2r",0.3,7,1225,5804,4752,9849,6281,405.582,32914,12814,1,142.179,5779,13271,1,95.013,0,51.9797,5779,13271,1,2.85262,7.8027,0.824421,0.824421
"35x35/2r",0.3,2024,1225,5824,4938,9188,6213,253.343,22793,-1,0,267.11,22940,-1,0,33.9267,0,257.038,22940,-1,0,0.948457,0.985624,-0.00644935,-0.00644935
"35x35/2r",0.3,999,1225,5824,4318,7505,5274,132.071,13026,11682,1,115.944,7080,12307,1,53.6132,0,61.2642,7080,12307,1,1.13909,2.15576,0.456472,0.456472
"35x35/2r",0.4,42,1225,5830,5078,9644,6904,93.3339,9452,10592,1,43.8822,0,10592,1,38.8469,1,32.7291,4180,13499,1,2.12692,2.85171,1,0.557766
"35x35/2r",0.4,123,1225,5774,4422,9234,6346,338.414,27184,11222,1,25.1338,0,11222,1,20.5712,1,15.245,1695,11610,1,13.4645,22.1983,1,0.937647
"35x35/2r",0.4,7,1225,5804,4752,9849,6790,237.508,20166,10831,1,32.3948,0,10831,1,26.3372,1,26.1388,3032,11979,1,7.33166,9.08641,1,0.849648
"35x35/2r",0.4,2024,1225,5824,4938,9188,6638,438.438,34220,10911,1,215.153,8834,11112,1,129.76,0,85.4675,8834,11112,1,2.03779,5.12988,0.741847,0.741847
"35x35/2r",0.4,999,1225,5824,4318,7505,5592,176.247,16343,10891,1,113.296,2311,11858,1,88.7103,0,21.1764,2311,11858,1,1.55564,8.32282,0.858594,0.858594
"35x35/2r",0.5,42,1225,5830,5078,9644,7361,32.0424,3701,10157,1,79.516,1371,12578,1,66.5587,0,13.263,1371,12578,1,0.402968,2.41592,0.62956,0.62956
"35x35/2r",0.5,123,1225,5774,4422,9234,6828,490.907,37339,10699,1,306.79,1714,10889,1,288.849,0,17.9163,1714,10889,1,1.60014,27.4,0.954096,0.954096
"35x35/2r",0.5,7,1225,5804,4752,9849,7300,168.77,14314,10387,1,166.929,1895,12517,1,148.212,0,19.7485,1895,12517,1,1.01103,8.54595,0.867612,0.867612
"35x35/2r",0.5,2024,1225,5824,4938,9188,7063,453.073,32853,10211,1,200.034,6134,10868,1,145.538,0,60.1593,6134,10868,1,2.26498,7.53122,0.81329,0.81329
"35x35/2r",0.5,999,1225,5824,4318,7505,5911,69.5646,7628,10161,1,25.708,0,10161,1,20.5762,1,19.771,2330,11476,1,2.70595,3.51852,1,0.694546
"35x35/2r",0.6,42,1225,5830,5078,9644,7817,26.5013,3108,10042,1,89.2086,597,11961,1,80.0877,0,7.689,597,11961,1,0.297071,3.44665,0.807915,0.807915
"35x35/2r",0.6,123,1225,5774,4422,9234,7309,374.919,30456,10149,1,276.997,4037,10733,1,238.627,0,39.4845,4037,10733,1,1.35351,9.49534,0.867448,0.867448
"35x35/2r",0.6,7,1225,5804,4752,9849,7810,97.2066,9634,10170,1,131.044,560,12008,1,122.588,0,11.2328,560,12008,1,0.741785,8.65382,0.941873,0.941873
"35x35/2r",0.6,2024,1225,5824,4938,9188,7488,252.486,21232,9654,1,164.069,4038,10555,1,129.246,0,35.8309,4038,10555,1,1.5389,7.04661,0.809815,0.809815
"35x35/2r",0.6,999,1225,5824,4318,7505,6230,76.3777,7346,10010,1,118.102,522,11248,1,109.19,0,8.4436,522,11248,1,0.646707,9.04563,0.928941,0.928941
"35x35/2r",0.7,42,1225,5830,5078,9644,8274,14.9935,1271,9846,1,61.0873,213,11372,1,54.9232,0,5.2787,213,11372,1,0.245444,2.84038,0.832415,0.832415
"35x35/2r",0.7,123,1225,5774,4422,9234,7790,193.756,16859,9659,1,174.026,753,10429,1,163.437,0,8.9442,753,10429,1,1.11338,21.6628,0.955335,0.955335
"35x35/2r",0.7,7,1225,5804,4752,9849,8319,39.6132,4386,9953,1,81.5422,136,10974,1,75.9708,0,5.028,136,10974,1,0.4858,7.87852,0.968992,0.968992
"35x35/2r",0.7,2024,1225,5824,4938,9188,7913,147.476,13206,9313,1,131.593,1342,10128,1,117.867,0,12.9279,1342,10128,1,1.12069,11.4075,0.89838,0.89838
"35x35/2r",0.7,999,1225,5824,4318,7505,6548,52.9455,5627,9860,1,127.078,284,10681,1,119.742,0,6.4081,284,10681,1,0.416639,8.26228,0.949529,0.949529
"35x35/2r",0.8,42,1225,5830,5078,9644,8730,9.8557,706,9689,1,15.4808,0,9689,1,11.0211,1,5.402,229,10838,1,0.63664,1.82445,1,0.675637
"35x35/2r",0.8,123,1225,5774,4422,9234,8271,47.3416,5130,9201,1,80.5019,290,9730,1,73.4927,0,6.6875,290,9730,1,0.588081,7.07912,0.94347,0.94347
"35x35/2r",0.8,7,1225,5804,4752,9849,8829,12.8161,1188,9740,1,20.1949,0,9740,1,13.8584,1,6.7344,87,10296,1,0.634621,1.90308,1,0.926768
"35x35/2r",0.8,2024,1225,5824,4938,9188,8338,64.4656,6237,9026,1,82.3739,377,9432,1,74.551,0,6.4569,377,9432,1,0.782597,9.98399,0.939554,0.939554
"35x35/2r",0.8,999,1225,5824,4318,7505,6867,36.6788,4094,9726,1,86.8256,137,10551,1,80.9993,0,5.0898,137,10551,1,0.422442,7.20633,0.966536,0.966536
"35x35/2r",0.9,42,1225,5830,5078,9644,9187,9.0692,716,9656,1,47.2749,204,10472,1,41.0987,0,5.4053,204,10472,1,0.19184,1.67783,0.715084,0.715084
"35x35/2r",0.9,123,1225,5774,4422,9234,8752,6.173,324,8720,1,13.2594,0,8720,1,9.167,1,4.5956,61,9057,1,0.465557,1.34324,1,0.811728
"35x35/2r",0.9,7,1225,5804,4752,9849,9339,6.8431,455,9649,1,48.6853,66,10030,1,43.3591,0,4.5888,66,10030,1,0.140558,1.49126,0.854945,0.854945
"35x35/2r",0.9,2024,1225,5824,4938,9188,8763,19.6009,1851,8700,1,58.4595,311,9110,1,51.6449,0,5.9532,311,9110,1,0.33529,3.2925,0.831983,0.831983
"35x35/2r",0.9,999,1225,5824,4318,7505,7186,8.1766,564,9426,1,45.097,127,9589,1,38.8958,0,5.3467,127,9589,1,0.181311,1.52928,0.774823,0.774823
"35x35/2r",1,42,1225,5830,5078,9644,9644,4.759,59,9512,1,34.0797,0,9512,1,28.1812,1,5.0367,57,9637,1,0.139643,0.944865,1,0.0338983
"35x35/2r",1,123,1225,5774,4422,9234,9234,4.5979,54,8509,1,20.2825,0,8509,1,15.6046,1,4.269,53,8567,1,0.226693,1.07704,1,0.0185185
"35x35/2r",1,7,1225,5804,4752,9849,9849,4.8651,59,9569,1,27.2738,0,9569,1,22.764,1,4.3896,57,9623,1,0.17838,1.10832,1,0.0338983
"35x35/2r",1,2024,1225,5824,4938,9188,9188,7.7945,52,8303,1,48.4822,53,8500,1,42.3522,0,4.8845,53,8500,1,0.16077,1.59576,-0.0192308,-0.0192308
"35x35/2r",1,999,1225,5824,4318,7505,7505,4.7808,55,9147,1,25.6842,0,9147,1,21.3061,1,4.6244,55,9147,1,0.186138,1.03382,1,0
"20x20/2r/d",0,42,400,2180,2202,3986,2202,1.3835,1,-1,0,12.7814,1,-1,0,11.3782,0,1.3381,1,-1,0,0.108243,1.03393,0,0
"20x20/2r/d",0,123,400,2174,2544,4852,2544,1.5695,1,-1,0,12.3066,1,-1,0,10.9326,0,1.3343,1,-1,0,0.127533,1.17627,0,0
"20x20/2r/d",0,7,400,2236,1946,4104,1946,1.3837,1,-1,0,12.6006,1,-1,0,11.0286,0,1.3651,1,-1,0,0.109812,1.01363,0,0
"20x20/2r/d",0,2024,400,2174,2229,5313,2229,1.3524,2,-1,0,12.2661,2,-1,0,10.8817,0,1.3532,2,-1,0,0.110255,0.999409,0,0
"20x20/2r/d",0,999,400,2206,1897,4037,1897,1.3665,1,-1,0,12.3577,1,-1,0,10.9546,0,1.4122,1,-1,0,0.110579,0.967639,0,0
"20x20/2r/d",0.1,42,400,2180,2202,3986,2380,1.5359,35,-1,0,12.6431,35,-1,0,11.033,0,1.5459,35,-1,0,0.121481,0.993531,0,0
"20x20/2r/d",0.1,123,400,2174,2544,4852,2774,1.4698,18,-1,0,13.3234,18,-1,0,11.8095,0,1.4467,18,-1,0,0.110317,1.01597,0,0
"20x20/2r/d",0.1,7,400,2236,1946,4104,2161,1.734,30,-1,0,12.8285,31,-1,0,11.2182,0,1.8281,31,-1,0,0.135168,0.948526,-0.0333333,-0.0333333
"20x20/2r/d",0.1,2024,400,2174,2229,5313,2537,1.6106,27,-1,0,12.7607,27,-1,0,10.7299,0,1.6236,27,-1,0,0.126216,0.991993,0,0
"20x20/2r/d",0.1,999,400,2206,1897,4037,2111,1.5061,11,-1,0,12.9342,11,-1,0,11.417,0,1.4672,11,-1,0,0.116443,1.02651,0,0
"20x20/2r/d",0.2,42,400,2180,2202,3986,2558,3.5602,308,6551,1,15.3956,202,6551,1,12.6045,0,2.973,202,6551,1,0.231248,1.19751,0.344156,0.344156
"20x20/2r/d",0.2,123,400,2174,2544,4852,3005,3.1447,271,-1,0,14.0306,291,-1,0,10.703,0,3.2539,291,-1,0,0.224132,0.96644,-0.0738007,-0.0738007
"20x20/2r/d",0.2,7,400,2236,1946,4104,2377,2.7672,230,-1,0,13.85,223,-1,0,11.0286,0,2.7602,223,-1,0,0.199798,1.00254,0.0304348,0.0304348
"20x20/2r/d",0.2,2024,400,2174,2229,5313,2845,4.7159,504,-1,0,15.5094,474,-1,0,11.0394,0,4.4989,474,-1,0,0.304067,1.04823,0.0595238,0.0595238
"20x20/2r/d",0.2,999,400,2206,1897,4037,2325,2.083,90,-1,0,12.5678,89,-1,0,10.683,0,2.3038,89,-1,0,0.165741,0.904158,0.0111111,0.0111111
"20x20/2r/d",0.3,42,400,2180,2202,3986,2737,9.5011,1015,5894,1,22.1566,170,5894,1,19.6002,0,2.4802,170,5894,1,0.428816,3.83078,0.832512,0.832512
"20x20/2r/d",0.3,123,400,2174,2544,4852,3236,4.098,389,5314,1,10.4964,0,5314,1,9.1219,1,4.7255,488,6136,1,0.39042,0.86721,1,-0.254499
"20x20/2r/d",0.3,7,400,2236,1946,4104,2593,9.8256,1154,5485,1,19.2197,231,5485,1,16.1382,0,3.1257,231,5485,1,0.511225,3.14349,0.799827,0.799827
"20x20/2r/d",0.3,2024,400,2174,2229,5313,3154,18.8007,2182,6272,1,25.3656,376,6321,1,21.3355,0,3.9415,376,6321,1,0.741189,4.76994,0.827681,0.827681
"20x20/2r/d",0.3,999,400,2206,1897,4037,2539,4.9244,492,-1,0,15.5249,480,-1,0,10.8763,0,4.5576,480,-1,0,0.317194,1.08048,0.0243902,0.0243902
"20x20/2r/d",0.4,42,400,2180,2202,3986,2915,14.5425,1666,5496,1,27.0743,86,5544,1,25.0683,0,1.9083,86,5544,1,0.537133,7.62066,0.948379,0.948379
"20x20/2r/d",0.4,123,400,2174,2544,4852,3467,4.6941,466,5111,1,10.922,0,5111,1,9.5473,1,1.6377,44,5111,1,0.429784,2.86628,1,0.905579
"20x20/2r/d",0.4,7,400,2236,1946,4104,2809,12.7148,1422,4937,1,28.7442,242,5661,1,25.7945,0,2.8996,242,5661,1,0.442343,4.38502,0.829817,0.829817
"20x20/2r/d",0.4,2024,400,2174,2229,5313,3462,31.575,3428,5680,1,33.566,330,6059,1,29.8086,0,3.6023,330,6059,1,0.940684,8.76523,0.903734,0.903734
"20x20/2r/d",0.4,999,400,2206,1897,4037,2753,12.5721,1470,6724,1,25.7082,947,6812,1,17.0688,0,8.0645,947,6812,1,0.489031,1.55894,0.355782,0.355782
"20x20/2r/d",0.5,42,400,2180,2202,3986,3094,7.9305,880,4990,1,7.0016,0,4990,1,5.6198,1,3.9581,312,5230,1,1.13267,2.00361,1,0.645455
"20x20/2r/d",0.5,123,400,2174,2544,4852,3698,4.5328,396,4883,1,15.5129,62,5090,1,13.7378,0,1.6854,62,5090,1,0.292196,2.68945,0.843434,0.843434
"20x20/2r/d",0.5,7,400,2236,1946,4104,3025,8.8163,942,4646,1,7.1195,0,4646,1,5.5229,1,2.0926,120,4891,1,1.23833,4.21308,1,0.872611
"20x20/2r/d",0.5,2024,400,2174,2229,5313,3771,11.1676,1310,5004,1,23.2751,50,5339,1,21.6404,0,1.5963,50,5339,1,0.479809,6.99593,0.961832,0.961832
"20x20/2r/d",0.5,999,400,2206,1897,4037,2967,15.1174,1429,5369,1,20.3163,249,5401,1,16.9934,0,3.2951,249,5401,1,0.744102,4.58784,0.825752,0.825752
"20x20/2r/d",0.6,42,400,2180,2202,3986,3272,4.776,487,4724,1,20.7096,29,5191,1,19.1496,0,1.5156,29,5191,1,0.230618,3.15123,0.940452,0.940452
"20x20/2r/d",0.6,123,400,2174,2544,4852,3928,2.1599,114,4585,1,7.1829,0,4585,1,5.3232,1,1.9242,34,4688,1,0.3007,1.12249,1,0.701754
"20x20/2r/d",0.6,7,400,2236,1946,4104,3240,8.0713,820,4557,1,22.4163,91,4963,1,20.3599,0,2.0126,91,4963,1,0.360064,4.01038,0.889024,0.889024
"20x20/2r/d",0.6,2024,400,2174,2229,5313,4079,3.1343,256,4614,1,14.7292,0,4614,1,11.8475,1,2.9538,49,5142,1,0.212795,1.06111,1,0.808594
"20x20/2r/d",0.6,999,400,2206,1897,4037,3181,3.1695,206,4341,1,4.7681,0,4341,1,3.3479,1,2.6209,183,4341,1,0.66473,1.20932,1,0.11165
"20x20/2r/d",0.7,42,400,2180,2202,3986,3450,2.7973,215,4461,1,18.1782,30,4892,1,16.575,0,1.5551,30,4892,1,0.153882,1.79879,0.860465,0.860465
"20x20/2r/d",0.7,123,400,2174,2544,4852,4159,1.9416,91,4510,1,13.8042,0,4510,1,12.4437,1,1.5823,43,4699,1,0.140653,1.22707,1,0.527473
"20x20/2r/d",0.7,7,400,2236,1946,4104,3456,2.379,133,4323,1,5.0567,0,4323,1,3.5397,1,1.5929,39,4883,1,0.470465,1.4935,1,0.706767
"20x20/2r/d",0.7,2024,400,2174,2229,5313,4387,3.0124,252,4559,1,17.2021,52,4862,1,15.4105,0,1.6494,52,4862,1,0.175118,1.82636,0.793651,0.793651
"20x20/2r/d",0.7,999,400,2206,1897,4037,3395,2.6299,189,4258,1,4.4998,0,4258,1,3.1393,1,2.8829,238,5103,1,0.584448,0.912241,1,-0.259259
"20x20/2r/d",0.8,42,400,2180,2202,3986,3629,2.6149,184,4314,1,7.8011,0,4314,1,6.4551,1,1.5028,29,4915,1,0.335196,1.74002,1,0.842391
"20x20/2r/d",0.8,123,400,2174,2544,4852,4390,1.7158,53,4338,1,6.6663,0,4338,1,5.2908,1,1.4832,26,4401,1,0.257384,1.15682,1,0.509434
"20x20/2r/d",0.8,7,400,2236,1946,4104,3672,2.311,116,4297,1,16.5068,30,4578,1,14.6064,0,1.6005,30,4578,1,0.140003,1.44392,0.741379,0.741379
"20x20/2r/d",0.8,2024,400,2174,2229,5313,4696,3.796,342,4542,1,18.6075,28,4611,1,17.0442,0,1.5216,28,4611,1,0.204004,2.49474,0.918129,0.918129
"20x20/2r/d",0.8,999,400,2206,1897,4037,3609,3.4054,269,4258,1,16.5492,67,4758,1,14.7212,0,1.7708,67,4758,1,0.205774,1.92309,0.750929,0.750929
"20x20/2r/d",0.9,42,400,2180,2202,3986,3807,2.5546,184,4246,1,15.238,29,4337,1,13.693,0,1.5268,29,4337,1,0.167647,1.67317,0.842391,0.842391
"20x20/2r/d",0.9,123,400,2174,2544,4852,4621,1.6615,50,4320,1,4.1146,0,4320,1,2.7844,1,1.48,27,4345,1,0.403806,1.12264,1,0.46
"20x20/2r/d",0.9,7,400,2236,1946,4104,3888,1.6583,51,4259,1,7.7974,0,4259,1,6.1456,1,2.0076,30,4475,1,0.212673,0.826011,1,0.411765
"20x20/2r/d",0.9,2024,400,2174,2229,5313,5004,2.5561,143,4445,1,5.1599,0,4445,1,3.4807,1,1.5787,28,4611,1,0.495378,1.61912,1,0.804196
"20x20/2r/d",0.9,999,400,2206,1897,4037,3823,2.3298,129,4104,1,14.1796,30,4398,1,12.5898,0,1.5579,30,4398,1,0.164306,1.49547,0.767442,0.767442
"20x20/2r/d",1,42,400,2180,2202,3986,3986,1.5123,28,4136,1,4.0982,0,4136,1,2.6376,1,1.4643,26,4221,1,0.369016,1.03278,1,0.0714286
"20x20/2r/d",1,123,400,2174,2544,4852,4852,1.5376,30,4313,1,3.9305,0,4313,1,2.5954,1,1.4675,27,4345,1,0.391197,1.04777,1,0.1
"20x20/2r/d",1,7,400,2236,1946,4104,4104,1.5669,31,4215,1,4.3769,0,4215,1,2.9938,1,1.5099,30,4247,1,0.357993,1.03775,1,0.0322581
"20x20/2r/d",1,2024,400,2174,2229,5313,5313,1.5509,30,4345,1,3.9633,0,4345,1,2.615,1,1.6395,28,4540,1,0.391315,0.945959,1,0.0666667
"20x20/2r/d",1,999,400,2206,1897,4037,4037,1.5058,26,3968,1,4.0344,0,3968,1,2.6375,1,1.4835,25,3989,1,0.37324,1.01503,1,0.0384615
"25x25/2r/d",0,42,625,3392,3081,7034,3081,2.1536,1,-1,0,20.2789,1,-1,0,17.7688,0,2.4358,1,-1,0,0.106199,0.884145,0,0
"25x25/2r/d",0,123,625,3428,3050,5271,3050,2.2111,1,-1,0,19.8618,1,-1,0,17.4316,0,2.181,1,-1,0,0.111324,1.0138,0,0
"25x25/2r/d",0,7,625,3418,2952,5804,2952,2.2463,3,-1,0,19.553,3,-1,0,17.3435,0,2.3319,3,-1,0,0.114883,0.963292,0,0
"25x25/2r/d",0,2024,625,3448,2907,6634,2907,2.1588,3,-1,0,19.7916,3,-1,0,17.528,0,2.2124,3,-1,0,0.109077,0.975773,0,0
"25x25/2r/d",0,999,625,3424,2759,5672,2759,2.1591,1,-1,0,19.8932,1,-1,0,17.5682,0,2.2169,1,-1,0,0.108535,0.973928,0,0
"25x25/2r/d",0.1,42,625,3392,3081,7034,3476,2.9876,40,-1,0,20.5376,41,-1,0,18.1002,0,2.4118,41,-1,0,0.14547,1.23874,-0.025,-0.025
"25x25/2r/d",0.1,123,625,3428,3050,5271,3272,2.5124,67,-1,0,21.1388,66,-1,0,18.4446,0,2.6719,66,-1,0,0.118853,0.940305,0.0149254,0.0149254
"25x25/2r/d",0.1,7,625,3418,2952,5804,3237,2.3851,42,-1,0,20.0889,43,-1,0,17.7141,0,2.3514,43,-1,0,0.118727,1.01433,-0.0238095,-0.0238095
"25x25/2r/d",0.1,2024,625,3448,2907,6634,3279,2.419,57,-1,0,19.7737,59,-1,0,17.1789,0,2.4621,59,-1,0,0.122334,0.982495,-0.0350877,-0.0350877
"25x25/2r/d",0.1,999,625,3424,2759,5672,3050,2.6192,79,-1,0,21.3325,76,-1,0,18.3511,0,2.6787,76,-1,0,0.12278,0.977788,0.0379747,0.0379747
"25x25/2r/d",0.2,42,625,3392,3081,7034,3871,7.463,806,-1,0,25.2869,812,-1,0,17.7498,0,7.6538,812,-1,0,0.295133,0.975071,-0.00744417,-0.00744417
"25x25/2r/d",0.2,123,625,3428,3050,5271,3494,7.9291,842,-1,0,25.3514,785,-1,0,17.2909,0,8.2962,785,-1,0,0.312768,0.955751,0.067696,0.067696
"25x25/2r/d",0.2,7,625,3418,2952,5804,3522,5.0681,456,-1,0,24.9789,471,-1,0,19.1596,0,5.3406,471,-1,0,0.202895,0.948976,-0.0328947,-0.0328947
"25x25/2r/d",0.2,2024,625,3448,2907,6634,3652,11.5836,1263,8288,1,29.2418,344,8449,1,24.4629,0,4.4564,344,8449,1,0.396132,2.59932,0.727633,0.727633
"25x25/2r/d",0.2,999,625,3424,2759,5672,3341,8.7108,981,-1,0,26.6418,936,-1,0,17.9363,0,8.5236,936,-1,0,0.32696,1.02196,0.0458716,0.0458716
"25x25/2r/d",0.3,42,625,3392,3081,7034,4266,64.0114,7157,7966,1,68.7186,1710,8088,1,50.4592,0,16.8008,1710,8088,1,0.9315,3.81002,0.761073,0.761073
"25x25/2r/d",0.3,123,625,3428,3050,5271,3716,34.5714,3443,7587,1,52.966,1879,7587,1,35.716,0,16.1944,1879,7587,1,0.652709,2.13477,0.454255,0.454255
"25x25/2r/d",0.3,7,625,3418,2952,5804,3807,32.3813,3855,-1,0,56.1982,3913,-1,0,21.0468,0,33.9221,3913,-1,0,0.576198,0.954578,-0.0150454,-0.0150454
"25x25/2r/d",0.3,2024,625,3448,2907,6634,4025,32.9482,3815,7404,1,47.8077,687,7415,1,40.4609,0,6.9851,687,7415,1,0.689182,4.71693,0.819921,0.819921
"25x25/2r/d",0.3,999,625,3424,2759,5672,3632,52.2481,5536,9011,1,73.0182,4984,9011,1,28.0651,0,43.1989,4984,9011,1,0.715549,1.20948,0.099711,0.099711
"25x25/2r/d",0.4,42,625,3392,3081,7034,4662,71.9208,7245,6876,1,69.4486,792,7716,1,60.7149,0,7.7963,792,7716,1,1.0356,9.22499,0.890683,0.890683
"25x25/2r/d",0.4,123,625,3428,3050,5271,3938,35.5051,3842,6370,1,53.4385,1284,6689,1,40.8536,0,12.2806,1284,6689,1,0.66441,2.89115,0.665799,0.665799
"25x25/2r/d",0.4,7,625,3418,2952,5804,4092,64.963,6608,6976,1,59.4775,2216,7298,1,39.8329,0,27.4338,2216,7298,1,1.09223,2.36799,0.664649,0.664649
"25x25/2r/d",0.4,2024,625,3448,2907,6634,4397,46.5663,4863,6831,1,68.6688,168,7194,1,64.5831,0,3.6129,168,7194,1,0.678129,12.8889,0.965453,0.965453
"25x25/2r/d",0.4,999,625,3424,2759,5672,3924,126.371,11549,7177,1,81.9058,1735,7187,1,66.5223,0,15.1571,1735,7187,1,1.54288,8.33739,0.849771,0.849771
"25x25/2r/d",0.5,42,625,3392,3081,7034,5057,47.398,4606,6349,1,73.8186,448,7384,1,68.494,0,5.1255,448,7384,1,0.642087,9.24749,0.902736,0.902736
"25x25/2r/d",0.5,123,625,3428,3050,5271,4160,23.3499,2289,5713,1,25.1775,0,5713,1,22.6352,1,5.7999,488,6099,1,0.927411,4.02591,1,0.786806
"25x25/2r/d",0.5,7,625,3418,2952,5804,4378,25.3896,2767,6049,1,46.6132,556,6469,1,40.045,0,6.3094,556,6469,1,0.544687,4.02409,0.79906,0.79906
"25x25/2r/d",0.5,2024,625,3448,2907,6634,4770,20.7114,2214,6260,1,12.373,0,6260,1,10.0986,1,2.775,101,6944,1,1.67392,7.46357,1,0.954381
"25x25/2r/d",0.5,999,625,3424,2759,5672,4215,129.199,11529,6522,1,115.15,716,6533,1,107.482,0,7.5434,716,6533,1,1.122,17.1274,0.937896,0.937896
"25x25/2r/d",0.6,42,625,3392,3081,7034,5452,37.9613,3914,6137,1,60.355,192,7324,1,56.3488,0,3.6036,192,7324,1,0.628967,10.5343,0.950945,0.950945
"25x25/2r/d",0.6,123,625,3428,3050,5271,4382,16.6498,1777,5460,1,31.4593,320,5514,1,26.8566,0,4.2924,320,5514,1,0.529249,3.8789,0.819921,0.819921
"25x25/2r/d",0.6,7,625,3418,2952,5804,4663,14.0642,1410,5611,1,38.0493,122,6204,1,34.8502,0,3.0225,122,6204,1,0.369631,4.65317,0.913475,0.913475
"25x25/2r/d",0.6,2024,625,3448,2907,6634,5143,24.4519,2688,6193,1,54.34,55,6522,1,51.3026,0,3.0052,55,6522,1,0.44998,8.13653,0.979539,0.979539
"25x25/2r/d",0.6,999,625,3424,2759,5672,4506,74.4185,6937,5942,1,91.3359,344,5979,1,85.9098,0,5.2604,344,5979,1,0.814778,14.1469,0.950411,0.950411
"25x25/2r/d",0.7,42,625,3392,3081,7034,5848,13.8649,1291,5838,1,22.4507,0,5838,1,18.8914,1,2.9248,82,6832,1,0.617571,4.74046,1,0.936483
"25x25/2r/d",0.7,123,625,3428,3050,5271,4604,5.2772,389,5010,1,14.1501,0,5010,1,11.553,1,3.4807,146,5532,1,0.372944,1.51613,1,0.624679
"25x25/2r/d",0.7,7,625,3418,2952,5804,4948,9.4318,942,5397,1,41.181,147,6031,1,37.2896,0,3.7494,147,6031,1,0.229033,2.51555,0.843949,0.843949
"25x25/2r/d",0.7,2024,625,3448,2907,6634,5515,9.9526,957,5903,1,37.3669,121,6737,1,32.408,0,3.1438,121,6737,1,0.266348,3.16579,0.873563,0.873563
"25x25/2r/d",0.7,999,625,3424,2759,5672,4798,17.9158,1374,5319,1,45.2859,125,5925,1,41.6683,0,3.5486,125,5925,1,0.395615,5.0487,0.909025,0.909025
"25x25/2r/d",0.8,42,625,3392,3081,7034,6243,4.8395,342,5644,1,8.2515,0,5644,1,5.9711,1,2.7009,76,6516,1,0.586499,1.79181,1,0.777778
"25x25/2r/d",0.8,123,625,3428,3050,5271,4826,3.1332,127,4819,1,7.205,0,4819,1,5.0039,1,2.5117,52,5520,1,0.434865,1.24744,1,0.590551
"25x25/2r/d",0.8,7,625,3418,2952,5804,5233,6.3982,560,5272,1,29.7216,107,5708,1,26.4464,0,2.9229,107,5708,1,0.215271,2.18899,0.808929,0.808929
"25x25/2r/d",0.8,2024,625,3448,2907,6634,5888,4.0926,275,5683,1,20.4218,0,5683,1,17.7394,1,2.437,38,6072,1,0.200403,1.67936,1,0.861818
"25x25/2r/d",0.8,999,625,3424,2759,5672,5089,8.6181,769,5129,1,36.7412,145,5733,1,33.2226,0,3.3112,145,5733,1,0.234562,2.60271,0.811443,0.811443
"25x25/2r/d",0.9,42,625,3392,3081,7034,6638,2.84,96,5542,1,11.7869,0,5542,1,8.3595,1,2.8958,40,5583,1,0.240945,0.980731,1,0.583333
"25x25/2r/d",0.9,123,625,3428,3050,5271,5048,3.2331,142,4819,1,30.1295,37,4889,1,27.4019,0,2.3702,37,4889,1,0.107307,1.36406,0.739437,0.739437
"25x25/2r/d",0.9,7,625,3418,2952,5804,5518,4.2955,259,5148,1,25.3852,39,5183,1,22.3422,0,2.6085,39,5183,1,0.169213,1.64673,0.849421,0.849421
"25x25/2r/d",0.9,2024,625,3448,2907,6634,6261,2.9331,102,5592,1,7.9299,0,5592,1,5.5234,1,2.5043,37,5684,1,0.369879,1.17123,1,0.637255
"25x25/2r/d",0.9,999,625,3424,2759,5672,5380,3.1065,117,4882,1,11.5463,0,4882,1,9.1847,1,2.5985,64,5330,1,0.269047,1.1955,1,0.452991
"25x25/2r/d",1,42,625,3392,3081,7034,7034,2.4872,41,5470,1,6.5144,0,5470,1,4.3297,1,2.385,41,5470,1,0.3818,1.04285,1,0
"25x25/2r/d",1,123,625,3428,3050,5271,5271,2.4617,37,4779,1,6.649,0,4779,1,4.3721,1,2.4094,36,4780,1,0.370236,1.02171,1,0.027027
"25x25/2r/d",1,7,625,3418,2952,5804,5804,2.4426,37,5012,1,6.3739,0,5012,1,4.152,1,2.4672,36,5113,1,0.383219,0.990029,1,0.027027
"25x25/2r/d",1,2024,625,3448,2907,6634,6634,2.4537,38,5511,1,6.7506,0,5511,1,4.4895,1,2.3871,37,5684,1,0.363479,1.0279,1,0.0263158
"25x25/2r/d",1,999,625,3424,2759,5672,5672,2.5818,35,4769,1,7.2087,0,4769,1,4.5719,1,3.0195,42,4937,1,0.358151,0.855042,1,-0.2
"30x30/2r/d",0,42,900,4932,3158,5922,3158,3.3431,2,-1,0,30.9454,2,-1,0,27.4333,0,3.296,2,-1,0,0.108032,1.01429,0,0
"30x30/2r/d",0,123,900,4958,3530,6712,3530,3.3159,1,-1,0,31.3994,1,-1,0,27.8946,0,3.2811,1,-1,0,0.105604,1.01061,0,0
"30x30/2r/d",0,7,900,5018,3790,7741,3790,3.496,2,-1,0,32.903,2,-1,0,28.9354,0,3.4321,2,-1,0,0.106252,1.01862,0,0
"30x30/2r/d",0,2024,900,5076,3591,7058,3591,3.4353,1,-1,0,31.0694,1,-1,0,27.1662,0,3.336,1,-1,0,0.110569,1.02977,0,0
"30x30/2r/d",0,999,900,5020,3522,7258,3522,3.6331,1,-1,0,29.5039,1,-1,0,26.1519,0,3.8071,1,-1,0,0.12314,0.954296,0,0
"30x30/2r/d",0.1,42,900,4932,3158,5922,3434,3.4497,12,-1,0,31.6262,12,-1,0,28.0848,0,3.9733,12,-1,0,0.109077,0.86822,0,0
"30x30/2r/d",0.1,123,900,4958,3530,6712,3848,3.6968,70,-1,0,29.7312,68,-1,0,26.0158,0,3.5813,68,-1,0,0.124341,1.03225,0.0285714,0.0285714
"30x30/2r/d",0.1,7,900,5018,3790,7741,4185,4.1317,131,-1,0,31.39,129,-1,0,27.1103,0,4.0948,129,-1,0,0.131625,1.00901,0.0152672,0.0152672
"30x30/2r/d",0.1,2024,900,5076,3591,7058,3937,4.5531,201,-1,0,34.7722,196,-1,0,30.0689,0,4.7267,196,-1,0,0.130941,0.963272,0.0248756,0.0248756
"30x30/2r/d",0.1,999,900,5020,3522,7258,3895,4.7906,215,-1,0,31.1919,216,-1,0,26.1912,0,4.9466,216,-1,0,0.153585,0.968463,-0.00465116,-0.00465116
"30x30/2r/d",0.2,42,900,4932,3158,5922,3710,3.8263,87,-1,0,31.9043,87,-1,0,27.9689,0,3.9727,87,-1,0,0.119931,0.963148,0,0
"30x30/2r/d",0.2,123,900,4958,3530,6712,4166,18.1094,1904,-1,0,43.1472,1704,-1,0,27.3041,0,15.2849,1704,-1,0,0.419712,1.18479,0.105042,0.105042
"30x30/2r/d",0.2,7,900,5018,3790,7741,4580,27.1311,2819,-1,0,54.4425,2756,-1,0,28.3957,0,23.8997,2756,-1,0,0.498344,1.13521,0.0223484,0.0223484
"30x30/2r/d",0.2,2024,900,5076,3591,7058,4284,28.3326,2956,-1,0,53.0641,2874,-1,0,26.4044,0,26.0628,2874,-1,0,0.533932,1.08709,0.0277402,0.0277402
"30x30/2r/d",0.2,999,900,5020,3522,7258,4269,57.8821,5932,-1,0,87.6054,6057,-1,0,29.8898,0,56.2785,6057,-1,0,0.660714,1.02849,-0.0210722,-0.0210722
"30x30/2r/d",0.3,42,900,4932,3158,5922,3987,7.5554,528,-1,0,33.6515,518,-1,0,27.0071,0,6.5607,518,-1,0,0.224519,1.15161,0.0189394,0.0189394
"30x30/2r/d",0.3,123,900,4958,3530,6712,4484,96.5957,9135,8945,1,87.137,4122,9008,1,48.4173,0,41.4611,4122,9008,1,1.10855,2.32979,0.548768,0.548768
"30x30/2r/d",0.3,7,900,5018,3790,7741,4975,248.859,19418,10074,1,176.745,10610,10074,1,60.9209,0,112.673,10610,10074,1,1.40802,2.20869,0.4536,0.4536
"30x30/2r/d",0.3,2024,900,5076,3591,7058,4631,164.938,14742,9533,1,67.2421,2848,9533,1,40.425,0,28.7007,2848,9533,1,2.4529,5.74684,0.80681,0.80681
"30x30/2r/d",0.3,999,900,5020,3522,7258,4642,210.386,16125,8488,1,97.3261,4455,8553,1,56.9648,0,40.6282,4455,8553,1,2.16166,5.17833,0.723721,0.723721
"30x30/2r/d",0.4,42,900,4932,3158,5922,4263,22.5274,2355,-1,0,46.3883,2322,-1,0,26.1876,0,22.0232,2322,-1,0,0.485627,1.02289,0.0140127,0.0140127
"30x30/2r/d",0.4,123,900,4958,3530,6712,4802,184.857,14539,8043,1,137.823,3899,8583,1,100.788,0,34.956,3899,8583,1,1.34127,5.28828,0.731825,0.731825
"30x30/2r/d",0.4,7,900,5018,3790,7741,5370,327.675,24320,8365,1,122.113,1491,8922,1,105.226,0,15.891,1491,8922,1,2.68338,20.6202,0.938692,0.938692
"30x30/2r/d",0.4,2024,900,5076,3591,7058,4977,229.616,17014,8233,1,105.715,2186,9145,1,85.1014,0,20.9598,2186,9145,1,2.17203,10.9551,0.871518,0.871518
"30x30/2r/d",0.4,999,900,5020,3522,7258,5016,140.534,12231,7460,1,110.485,3232,7820,1,79.9044,0,30.2887,3232,7820,1,1.27198,4.63981,0.735753,0.735753
"30x30/2r/d",0.5,42,900,4932,3158,5922,4540,49.3836,5122,7853,1,57.1084,1145,7853,1,44.9396,0,11.6354,1145,7853,1,0.864734,4.24425,0.776455,0.776455
"30x30/2r/d",0.5,123,900,4958,3530,6712,5121,226.888,16365,7649,1,181.076,3836,7983,1,140.744,0,37.4772,3836,7983,1,1.253,6.05404,0.765597,0.765597
"30x30/2r/d",0.5,7,900,5018,3790,7741,5765,181.655,14378,7632,1,111.208,160,8409,1,105.786,0,4.6793,160,8409,1,1.63348,38.8211,0.988872,0.988872
"30x30/2r/d",0.5,2024,900,5076,3591,7058,5324,175.773,14620,7611,1,128.262,2587,8876,1,102.852,0,24.4645,2587,8876,1,1.37043,7.18481,0.823051,0.823051
"30x30/2r/d",0.5,999,900,5020,3522,7258,5390,49.7617,4932,6887,1,105.034,4496,7788,1,58.9281,0,51.4696,4496,7788,1,0.473769,0.966817,0.0884023,0.0884023
"30x30/2r/d",0.6,42,900,4932,3158,5922,4816,50.6323,4640,7058,1,60.8052,1581,7326,1,43.9024,0,15.7199,1581,7326,1,0.832697,3.2209,0.659267,0.659267
"30x30/2r/d",0.6,123,900,4958,3530,6712,5439,76.4834,6781,7039,1,125.819,1586,8022,1,108.666,0,16.1349,1586,8022,1,0.607886,4.74025,0.766111,0.766111
"30x30/2r/d",0.6,7,900,5018,3790,7741,6160,37.134,3804,7112,1,28.4509,0,7112,1,24.8669,1,4.1194,92,7694,1,1.3052,9.01442,1,0.975815
"30x30/2r/d",0.6,2024,900,5076,3591,7058,5671,66.2836,6316,7079,1,42.5634,0,7079,1,38.0735,1,18.5409,1795,8091,1,1.55729,3.57499,1,0.715801
"30x30/2r/d",0.6,999,900,5020,3522,7258,5763,7.3125,489,6478,1,12.5042,0,6478,1,8.8149,1,16.4547,1699,7422,1,0.584804,0.444402,1,-2.47444
"30x30/2r/d",0.7,42,900,4932,3158,5922,5092,29.1869,2952,6550,1,50.9626,613,6759,1,43.2789,0,9.0537,613,6759,1,0.572712,3.22375,0.792344,0.792344
"30x30/2r/d",0.7,123,900,4958,3530,6712,5757,49.7216,4818,6805,1,111.017,144,7631,1,105.974,0,4.3323,144,7631,1,0.447876,11.477,0.970112,0.970112
"30x30/2r/d",0.7,7,900,5018,3790,7741,6555,14.1008,1336,6853,1,21.7277,0,6853,1,17.9507,1,3.7717,49,7224,1,0.648978,3.73858,1,0.963323
"30x30/2r/d",0.7,2024,900,5076,3591,7058,6017,36.1526,2832,6822,1,32.8654,0,6822,1,28.0172,1,6.4352,429,8291,1,1.10002,5.61795,1,0.848517
"30x30/2r/d",0.7,999,900,5020,3522,7258,6137,6.4718,310,6393,1,11.1614,0,6393,1,7.6081,1,26.29,2687,7507,1,0.579838,0.24617,1,-7.66774
"30x30/2r/d",0.8,42,900,4932,3158,5922,5369,10.3113,816,6053,1,38.223,208,6423,1,33.4352,0,4.6678,208,6423,1,0.269767,2.20903,0.745098,0.745098
"30x30/2r/d",0.8,123,900,4958,3530,6712,6075,19.9711,1997,6536,1,63.6558,117,7309,1,59.0625,0,4.252,117,7309,1,0.313736,4.69687,0.941412,0.941412
"30x30/2r/d",0.8,7,900,5018,3790,7741,6950,8.9475,646,6723,1,38.9307,41,6900,1,35.0898,0,3.5097,41,6900,1,0.229831,2.54936,0.936533,0.936533
"30x30/2r/d",0.8,2024,900,5076,3591,7058,6364,20.0382,1973,6702,1,48.8797,102,7646,1,44.5694,0,4.1708,102,7646,1,0.409949,4.8044,0.948302,0.948302
"30x30/2r/d",0.8,999,900,5020,3522,7258,6510,5.8489,334,6379,1,17.4005,0,6379,1,14.0943,1,4.5902,137,6877,1,0.336134,1.27421,1,0.58982
"30x30/2r/d",0.9,42,900,4932,3158,5922,5645,8.7438,724,5955,1,34.8311,133,6833,1,30.3675,0,4.1941,133,6833,1,0.251034,2.08479,0.816298,0.816298
"30x30/2r/d",0.9,123,900,4958,3530,6712,6393,11.1892,1019,6403,1,44.4378,61,6751,1,40.5128,0,3.8251,61,6751,1,0.251795,2.9252,0.940137,0.940137
"30x30/2r/d",0.9,7,900,5018,3790,7741,7345,4.6038,191,6627,1,37.0892,42,6764,1,33.0168,0,3.5797,42,6764,1,0.124128,1.28609,0.780105,0.780105
"30x30/2r/d",0.9,2024,900,5076,3591,7058,6711,5.9494,329,6445,1,31.9562,0,6445,1,26.5983,1,6.623,82,7539,1,0.186174,0.898294,1,0.75076
"30x30/2r/d",0.9,999,900,5020,3522,7258,6884,5.6495,292,6347,1,35.9037,45,6811,1,32.3104,0,3.9259,45,6811,1,0.157351,1.43903,0.84589,0.84589
"30x30/2r/d",1,42,900,4932,3158,5922,5922,3.5923,40,5507,1,23.7821,0,5507,1,18.9095,1,3.7109,44,5507,1,0.151051,0.96804,1,-0.1
"30x30/2r/d",1,123,900,4958,3530,6712,6712,4.2153,43,6098,1,15.4803,0,6098,1,12.0011,1,3.5654,43,6098,1,0.272301,1.18228,1,0
"30x30/2r/d",1,7,900,5018,3790,7741,7741,3.6432,45,6536,1,9.8335,0,6575,1,6.5212,1,3.5396,42,6764,1,0.370489,1.02927,1,0.0666667
"30x30/2r/d",1,2024,900,5076,3591,7058,7058,3.5944,44,6343,1,9.6511,0,6343,1,6.0899,1,3.746,47,7060,1,0.372434,0.95953,1,-0.0681818
"30x30/2r/d",1,999,900,5020,3522,7258,7258,3.6601,47,6274,1,15.6223,0,6274,1,12.0294,1,4.0083,51,6962,1,0.234287,0.91313,1,-0.0851064
"20x20/3r",0,42,400,1874,2854,5310,2854,1.6253,1,-1,0,11.7383,1,-1,0,10.0637,0,1.6722,1,-1,0,0.138461,0.971953,0,0
"20x20/3r",0,123,400,1838,3155,5029,3155,1.5945,1,-1,0,11.0724,1,-1,0,9.4895,0,1.5362,1,-1,0,0.144007,1.03795,0,0
"20x20/3r",0,7,400,1804,2995,5552,2995,1.5347,1,-1,0,11.3008,1,-1,0,9.7081,0,1.5475,1,-1,0,0.135805,0.991729,0,0
"20x20/3r",0,2024,400,1814,2918,5549,2918,1.9786,1,-1,0,11.894,1,-1,0,10.1614,0,1.6341,1,-1,0,0.166353,1.21082,0,0
"20x20/3r",0,999,400,1866,2984,5307,2984,1.6821,1,-1,0,11.3972,1,-1,0,9.7567,0,1.9376,1,-1,0,0.147589,0.868136,0,0
"20x20/3r",0.1,42,400,1874,2854,5310,3099,1.7179,5,-1,0,11.5632,5,-1,0,9.85,0,1.6493,5,-1,0,0.148566,1.04159,0,0
"20x20/3r",0.1,123,400,1838,3155,5029,3342,1.6598,9,-1,0,11.3145,9,-1,0,9.6514,0,1.6315,9,-1,0,0.146697,1.01735,0,0
"20x20/3r",0.1,7,400,1804,2995,5552,3250,1.6951,21,-1,0,10.9417,21,-1,0,9.2773,0,1.6265,21,-1,0,0.154921,1.04218,0,0
"20x20/3r",0.1,2024,400,1814,2918,5549,3181,1.578,6,-1,0,11.2711,6,-1,0,9.6792,0,1.5545,6,-1,0,0.140004,1.01512,0,0
"20x20/3r",0.1,999,400,1866,2984,5307,3216,1.6049,4,-1,0,11.6503,4,-1,0,9.9352,0,1.6574,4,-1,0,0.137756,0.968324,0,0
"20x20/3r",0.2,42,400,1874,2854,5310,3345,1.8246,25,-1,0,18.0885,25,-1,0,16.0205,0,1.8519,25,-1,0,0.100871,0.985258,0,0
"20x20/3r",0.2,123,400,1838,3155,5029,3529,1.8096,39,-1,0,11.5726,39,-1,0,9.7172,0,1.7923,39,-1,0,0.156369,1.00965,0,0
"20x20/3r",0.2,7,400,1804,2995,5552,3506,3.2228,221,-1,0,12.3752,218,-1,0,9.53,0,2.8386,218,-1,0,0.260424,1.13535,0.0135747,0.0135747
"20x20/3r",0.2,2024,400,1814,2918,5549,3444,1.9998,37,-1,0,11.1383,37,-1,0,9.3464,0,1.7598,37,-1,0,0.179543,1.13638,0,0
"20x20/3r",0.2,999,400,1866,2984,5307,3448,2.2609,112,-1,0,11.7612,109,-1,0,9.433,0,2.3493,109,-1,0,0.192234,0.962372,0.0267857,0.0267857
"20x20/3r",0.3,42,400,1874,2854,5310,3590,2.3856,112,-1,0,12.4339,111,-1,0,10.0627,0,2.317,111,-1,0,0.191863,1.02961,0.00892857,0.00892857
"20x20/3r",0.3,123,400,1838,3155,5029,3717,2.6229,176,-1,0,12.888,179,-1,0,10.2488,0,2.6347,179,-1,0,0.203515,0.995521,-0.0170455,-0.0170455
"20x20/3r",0.3,7,400,1804,2995,5552,3762,21.366,2123,-1,0,29.7075,2142,-1,0,12.3758,0,16.9358,2142,-1,0,0.719212,1.26159,-0.0089496,-0.0089496
"20x20/3r",0.3,2024,400,1814,2918,5549,3707,3.5487,287,-1,0,12.6029,291,-1,0,9.2833,0,3.476,291,-1,0,0.281578,1.02091,-0.0139373,-0.0139373
"20x20/3r",0.3,999,400,1866,2984,5307,3680,7.3163,822,-1,0,16.6239,809,-1,0,9.5788,0,8.1736,809,-1,0,0.440107,0.895114,0.0158151,0.0158151
"20x20/3r",0.4,42,400,1874,2854,5310,3836,4.8273,473,-1,0,22.8053,470,-1,0,17.1411,0,4.7896,470,-1,0,0.211674,1.00787,0.00634249,0.00634249
"20x20/3r",0.4,123,400,1838,3155,5029,3904,7.483,809,7058,1,16.4892,507,7189,1,11.6989,0,4.7845,507,7189,1,0.453812,1.56401,0.3733,0.3733
"20x20/3r",0.4,7,400,1804,2995,5552,4017,44.6806,5197,7331,1,37.661,2008,7675,1,21.038,0,15.7946,2008,7675,1,1.18639,2.82885,0.613623,0.613623
"20x20/3r",0.4,2024,400,1814,2918,5549,3970,16.3757,2043,-1,0,29.6805,2091,-1,0,13.0994,0,17.1954,2091,-1,0,0.551733,0.95233,-0.0234949,-0.0234949
"20x20/3r",0.4,999,400,1866,2984,5307,3913,16.7064,1894,6445,1,21.1916,916,6445,1,13.198,0,8.0817,916,6445,1,0.78835,2.06719,0.516367,0.516367
"20x20/3r",0.5,42,400,1874,2854,5310,4082,13.3354,1592,6440,1,25.486,306,6637,1,21.3328,0,3.7724,306,6637,1,0.523244,3.53499,0.807789,0.807789
"20x20/3r",0.5,123,400,1838,3155,5029,4092,10.3763,1217,6294,1,17.7517,220,6380,1,14.2983,0,3.4497,220,6380,1,0.584524,3.00788,0.819228,0.819228
"20x20/3r",0.5,7,400,1804,2995,5552,4273,49.1805,5407,6658,1,37.0771,1399,6724,1,26.1552,0,11.3876,1399,6724,1,1.32644,4.31878,0.741261,0.741261
"20x20/3r",0.5,2024,400,1814,2918,5549,4233,13.2139,1558,6315,1,17.3952,63,6315,1,15.4326,0,1.9462,63,6315,1,0.759629,6.78959,0.959564,0.959564
"20x20/3r",0.5,999,400,1866,2984,5307,4145,2.6972,167,5368,1,4.3557,0,5368,1,2.7241,1,1.7827,35,5368,1,0.619235,1.51299,1,0.790419
"20x20/3r",0.6,42,400,1874,2854,5310,4327,10.6867,1254,5791,1,21.8106,199,6420,1,18.8789,0,3.1785,199,6420,1,0.489977,3.36218,0.841308,0.841308
"20x20/3r",0.6,123,400,1838,3155,5029,4279,3.851,366,5441,1,14.8044,113,5441,1,12.3923,0,2.3874,113,5441,1,0.260125,1.61305,0.691257,0.691257
"20x20/3r",0.6,7,400,1804,2995,5552,4529,25.9974,2915,6094,1,31.6754,445,7021,1,27.2503,0,4.3901,445,7021,1,0.820744,5.92182,0.847341,0.847341
"20x20/3r",0.6,2024,400,1814,2918,5549,4496,7.2917,345,5816,1,15.4957,34,5816,1,13.6505,0,1.806,34,5816,1,0.470563,4.03749,0.901449,0.901449
"20x20/3r",0.6,999,400,1866,2984,5307,4377,2.7433,187,5313,1,13.7814,45,5313,1,11.3972,0,2.3531,45,5313,1,0.199058,1.16582,0.759358,0.759358
"20x20/3r",0.7,42,400,1874,2854,5310,4573,7.0831,733,5481,1,20.3732,90,5937,1,17.9839,0,2.1981,90,5937,1,0.347668,3.22237,0.877217,0.877217
"20x20/3r",0.7,123,400,1838,3155,5029,4466,2.4281,132,4979,1,13.4549,0,4979,1,11.8547,1,1.7073,27,4979,1,0.180462,1.42219,1,0.795455
"20x20/3r",0.7,7,400,1804,2995,5552,4784,11.9954,1328,5814,1,20.9694,113,6220,1,18.2657,0,2.3061,113,6220,1,0.572043,5.2016,0.91491,0.91491
"20x20/3r",0.7,2024,400,1814,2918,5549,4759,4.0575,370,5742,1,13.8684,30,5771,1,12.0898,0,1.7375,30,5771,1,0.292572,2.33525,0.918919,0.918919
"20x20/3r",0.7,999,400,1866,2984,5307,4610,2.926,151,5231,1,14.2317,77,5231,1,11.983,0,1.9923,77,5231,1,0.205597,1.46865,0.490066,0.490066
"20x20/3r",0.8,42,400,1874,2854,5310,4818,3.6507,319,5275,1,16.3622,29,5674,1,14.4811,0,1.7721,29,5674,1,0.223118,2.0601,0.909091,0.909091
"20x20/3r",0.8,123,400,1838,3155,5029,4654,2.4144,120,4840,1,8.9407,0,4840,1,7.3745,1,1.8643,28,5080,1,0.270046,1.29507,1,0.766667
"20x20/3r",0.8,7,400,1804,2995,5552,5040,2.8539,205,5515,1,14.2962,137,6334,1,11.9295,0,2.313,137,6334,1,0.199626,1.23385,0.331707,0.331707
"20x20/3r",0.8,2024,400,1814,2918,5549,5022,2.2552,119,5553,1,13.1134,30,5798,1,11.2409,0,1.7469,30,5798,1,0.171977,1.29097,0.747899,0.747899
"20x20/3r",0.8,999,400,1866,2984,5307,4842,2.6496,139,5166,1,13.0716,0,5166,1,11.4621,1,2.0966,46,5737,1,0.202699,1.26376,1,0.669065
"20x20/3r",0.9,42,400,1874,2854,5310,5064,1.9759,60,5106,1,4.1808,0,5106,1,2.5353,1,1.7738,29,5153,1,0.472613,1.11394,1,0.516667
"20x20/3r",0.9,123,400,1838,3155,5029,4841,2.7681,126,4834,1,13.1296,30,4857,1,11.0839,0,1.9462,30,4857,1,0.210829,1.42231,0.761905,0.761905
"20x20/3r",0.9,7,400,1804,2995,5552,5296,2.3381,130,5444,1,13.0875,45,5729,1,11.2623,0,1.7821,45,5729,1,0.178651,1.31199,0.653846,0.653846
"20x20/3r",0.9,2024,400,1814,2918,5549,5285,1.7509,32,5407,1,3.9267,0,5407,1,2.3706,1,2.0462,31,5580,1,0.445896,0.855684,1,0.03125
"20x20/3r",0.9,999,400,1866,2984,5307,5074,1.9097,52,5075,1,4.2085,0,5075,1,2.5864,1,1.9583,61,5428,1,0.453772,0.975183,1,-0.173077
"20x20/3r",1,42,400,1874,2854,5310,5310,1.8222,30,5008,1,6.239,0,5106,1,4.6031,1,1.7755,30,5008,1,0.292066,1.0263,1,0
"20x20/3r",1,123,400,1838,3155,5029,5029,1.7326,30,4712,1,4.3458,0,4718,1,2.6723,1,1.8285,29,4718,1,0.398684,0.947553,1,0.0333333
"20x20/3r",1,7,400,1804,2995,5552,5552,1.83,33,5355,1,6.295,0,5355,1,4.5312,1,1.8227,33,5355,1,0.290707,1.00401,1,0
"20x20/3r",1,2024,400,1814,2918,5549,5549,1.8518,33,5406,1,4.0202,0,5407,1,2.4189,1,1.7592,30,5513,1,0.460624,1.05264,1,0.0909091
"20x20/3r",1,999,400,1866,2984,5307,5307,1.9753,32,5025,1,4.1541,0,5025,1,2.4729,1,1.9616,61,5640,1,0.475506,1.00698,1,-0.90625
"25x25/3r",0,42,625,2904,3939,5889,3939,2.6802,1,-1,0,18.6303,1,-1,0,15.7879,0,2.5992,1,-1,0,0.143862,1.03116,0,0
"25x25/3r",0,123,625,2904,3237,6609,3237,2.6008,1,-1,0,18.7206,1,-1,0,16.0097,0,3.1093,1,-1,0,0.138927,0.836458,0,0
"25x25/3r",0,7,625,2890,3462,6848,3462,2.7514,2,-1,0,18.1314,2,-1,0,15.5672,0,2.5162,2,-1,0,0.151748,1.09347,0,0
"25x25/3r",0,2024,625,2954,3401,6577,3401,2.6356,1,-1,0,21.4242,1,-1,0,18.3688,0,2.6339,1,-1,0,0.12302,1.00065,0,0
"25x25/3r",0,999,625,2934,3459,5823,3459,2.7777,1,-1,0,18.1983,1,-1,0,15.6177,0,2.5497,1,-1,0,0.152635,1.08942,0,0
"25x25/3r",0.1,42,625,2904,3939,5889,4134,2.6099,1,-1,0,17.6919,1,-1,0,15.1297,0,2.538,1,-1,0,0.147519,1.02833,0,0
"25x25/3r",0.1,123,625,2904,3237,6609,3574,2.8321,20,-1,0,18.1237,20,-1,0,15.1154,0,2.6866,20,-1,0,0.156265,1.05416,0,0
"25x25/3r",0.1,7,625,2890,3462,6848,3800,2.7719,29,-1,0,19.4419,29,-1,0,16.414,0,2.9372,29,-1,0,0.142574,0.943722,0,0
"25x25/3r",0.1,2024,625,2954,3401,6577,3718,2.7572,14,-1,0,19.5024,14,-1,0,16.6372,0,4.0298,14,-1,0,0.141377,0.684203,0,0
"25x25/3r",0.1,999,625,2934,3459,5823,3695,2.8124,18,-1,0,18.8913,18,-1,0,15.7121,0,2.6734,18,-1,0,0.148873,1.05199,0,0
"25x25/3r",0.2,42,625,2904,3939,5889,4329,2.8694,49,-1,0,20.5118,49,-1,0,17.3169,0,3.1495,49,-1,0,0.13989,0.911065,0,0
"25x25/3r",0.2,123,625,2904,3237,6609,3911,4.1846,265,-1,0,21.771,261,-1,0,16.9901,0,4.5894,261,-1,0,0.19221,0.911797,0.0150943,0.0150943
"25x25/3r",0.2,7,625,2890,3462,6848,4139,11.1537,752,-1,0,25.8842,746,-1,0,17.3699,0,8.3619,746,-1,0,0.430908,1.33387,0.00797872,0.00797872
"25x25/3r",0.2,2024,625,2954,3401,6577,4036,3.5586,118,-1,0,21.9924,120,-1,0,18.4118,0,3.8801,120,-1,0,0.16181,0.917141,-0.0169492,-0.0169492
"25x25/3r",0.2,999,625,2934,3459,5823,3931,3.6299,151,-1,0,21.6487,153,-1,0,17.7461,0,3.5602,153,-1,0,0.167673,1.01958,-0.013245,-0.013245
"25x25/3r",0.3,42,625,2904,3939,5889,4524,3.9913,215,-1,0,21.2005,217,-1,0,16.447,0,4.2509,217,-1,0,0.188264,0.938931,-0.00930233,-0.00930233
"25x25/3r",0.3,123,625,2904,3237,6609,4248,23.9459,2634,-1,0,39.378,2586,-1,0,16.0586,0,22.8649,2586,-1,0,0.608104,1.04728,0.0182232,0.0182232
"25x25/3r",0.3,7,625,2890,3462,6848,4477,108.554,9470,10123,1,112.227,8425,10123,1,22.603,0,84.877,8425,10123,1,0.967273,1.27896,0.110348,0.110348
"25x25/3r",0.3,2024,625,2954,3401,6577,4353,7.8636,665,-1,0,24.3725,678,-1,0,17.142,0,7.8646,678,-1,0,0.322642,0.999873,-0.0195489,-0.0195489
"25x25/3r",0.3,999,625,2934,3459,5823,4168,13.6696,1292,-1,0,30.1036,1286,-1,0,17.5165,0,12.0379,1286,-1,0,0.454085,1.13555,0.00464396,0.00464396
"25x25/3r",0.4,42,625,2904,3939,5889,4719,11.5542,1300,-1,0,28.2935,1314,-1,0,15.9499,0,12.191,1314,-1,0,0.408369,0.947765,-0.0107692,-0.0107692
"25x25/3r",0.4,123,625,2904,3237,6609,4585,64.6764,6443,7846,1,46.6506,2258,7846,1,26.0363,0,19.1935,2258,7846,1,1.3864,3.3697,0.649542,0.649542
"25x25/3r",0.4,7,625,2890,3462,6848,4816,158.82,13436,7781,1,58.2523,2342,8445,1,39.4595,0,19.0331,2342,8445,1,2.72642,8.34443,0.825692,0.825692
"25x25/3r",0.4,2024,625,2954,3401,6577,4671,26.4874,3109,-1,0,47.4198,3245,-1,0,18.4045,0,37.4212,3245,-1,0,0.558573,0.707818,-0.043744,-0.043744
"25x25/3r",0.4,999,625,2934,3459,5823,4404,92.1954,8080,9162,1,54.3118,4193,9162,1,19.2127,0,38.7728,4193,9162,1,1.69752,2.37784,0.481064,0.481064
"25x25/3r",0.5,42,625,2904,3939,5889,4914,47.6687,5477,9815,1,69.4508,5443,9815,1,19.685,0,46.2428,5443,9815,1,0.686366,1.03084,0.00620778,0.00620778
"25x25/3r",0.5,123,625,2904,3237,6609,4923,34.778,3806,7078,1,36.7887,557,7762,1,30.4805,0,6.353,557,7762,1,0.945345,5.47426,0.853652,0.853652
"25x25/3r",0.5,7,625,2890,3462,6848,5155,18.2082,2126,6938,1,42.2285,1400,8376,1,28.954,0,12.4213,1400,8376,1,0.431183,1.46589,0.341486,0.341486
"25x25/3r",0.5,2024,625,2954,3401,6577,4989,41.0929,4364,7647,1,35.8258,1545,7647,1,21.8977,0,15.2482,1545,7647,1,1.14702,2.69493,0.645967,0.645967
"25x25/3r",0.5,999,625,2934,3459,5823,4641,157.262,13427,7672,1,72.6179,4674,7916,1,29.3888,0,42.0131,4674,7916,1,2.16561,3.74316,0.651895,0.651895
"25x25/3r",0.6,42,625,2904,3939,5889,5109,56.201,6141,7725,1,42.9689,1675,7725,1,26.6766,0,14.6171,1675,7725,1,1.30795,3.84488,0.727243,0.727243
"25x25/3r",0.6,123,625,2904,3237,6609,5260,21.8205,2430,6699,1,33.2362,288,7179,1,28.751,0,4.5722,288,7179,1,0.656528,4.77243,0.881481,0.881481
"25x25/3r",0.6,7,625,2890,3462,6848,5493,12.4147,1415,6799,1,32.6453,206,8073,1,28.8582,0,3.7133,206,8073,1,0.380291,3.34331,0.854417,0.854417
"25x25/3r",0.6,2024,625,2954,3401,6577,5306,22.1747,2556,7129,1,32.6083,527,7856,1,26.2478,0,6.4146,527,7856,1,0.680032,3.45691,0.793818,0.793818
"25x25/3r",0.6,999,625,2934,3459,5823,4877,80.7441,7886,6896,1,11.4907,0,6896,1,8.4428,1,53.6929,5646,8226,1,7.02691,1.50381,1,0.284048
"25x25/3r",0.7,42,625,2904,3939,5889,5304,22.7308,2672,6835,1,40.359,1867,6846,1,24.3589,0,16.6126,1867,6846,1,0.563215,1.36829,0.301272,0.301272
"25x25/3r",0.7,123,625,2904,3237,6609,5597,4.9852,312,6102,1,25.6382,48,6102,1,22.5983,0,3.0724,48,6102,1,0.194444,1.62258,0.846154,0.846154
"25x25/3r",0.7,7,625,2890,3462,6848,5832,10.4875,1089,6726,1,34.7196,81,7562,1,30.9957,0,3.2872,81,7562,1,0.302063,3.19041,0.92562,0.92562
"25x25/3r",0.7,2024,625,2954,3401,6577,5624,7.7952,699,6755,1,27.0093,112,7200,1,23.3879,0,3.4363,112,7200,1,0.288612,2.26849,0.839771,0.839771
"25x25/3r",0.7,999,625,2934,3459,5823,5113,25.7386,2772,6412,1,40.5755,1186,7388,1,28.6923,0,11.8917,1186,7388,1,0.634338,2.16442,0.57215,0.57215
"25x25/3r",0.8,42,625,2904,3939,5889,5499,18.3119,2060,6584,1,28.9988,203,6643,1,25.0954,0,3.8069,203,6643,1,0.631471,4.81019,0.901456,0.901456
"25x25/3r",0.8,123,625,2904,3237,6609,5934,4.3707,258,6002,1,23.2299,43,6039,1,20.3941,0,2.9755,43,6039,1,0.18815,1.4689,0.833333,0.833333
"25x25/3r",0.8,7,625,2890,3462,6848,6170,8.1831,870,6657,1,25.8708,93,7116,1,22.4937,0,3.2813,93,7116,1,0.316306,2.49386,0.893103,0.893103
"25x25/3r",0.8,2024,625,2954,3401,6577,5941,4.165,240,6541,1,22.3298,46,7408,1,19.4292,0,3.5615,46,7408,1,0.186522,1.16945,0.808333,0.808333
"25x25/3r",0.8,999,625,2934,3459,5823,5350,5.6711,384,6009,1,13.0267,0,6009,1,10.1528,1,5.4245,378,6770,1,0.435344,1.04546,1,0.015625
"25x25/3r",0.9,42,625,2904,3939,5889,5694,7.3538,703,6259,1,25.4433,86,6401,1,22.2439,0,3.1876,86,6401,1,0.289027,2.307,0.877667,0.877667
"25x25/3r",0.9,123,625,2904,3237,6609,6271,3.6241,120,5800,1,13.7892,0,5800,1,11.1803,1,4.5416,37,5889,1,0.262822,0.797979,1,0.691667
"25x25/3r",0.9,7,625,2890,3462,6848,6509,4.1997,216,6521,1,22.8078,41,6577,1,19.7503,0,2.8086,41,6577,1,0.184134,1.4953,0.810185,0.810185
"25x25/3r",0.9,2024,625,2954,3401,6577,6259,3.8102,170,6458,1,21.8021,58,6669,1,18.8349,0,2.9178,58,6669,1,0.174763,1.30585,0.658824,0.658824
"25x25/3r",0.9,999,625,2934,3459,5823,5586,4.5807,268,5968,1,22.3704,42,6280,1,19.4235,0,2.837,42,6280,1,0.204766,1.61463,0.843284,0.843284
"25x25/3r",1,42,625,2904,3939,5889,5889,2.7983,35,5831,1,10.4364,0,5831,1,7.3522,1,3.3104,49,6364,1,0.268129,0.845306,1,-0.4
"25x25/3r",1,123,625,2904,3237,6609,6609,2.9611,41,5737,1,9.7889,0,5737,1,5.0619,1,4.9472,37,5889,1,0.302496,0.598541,1,0.097561
"25x25/3r",1,7,625,2890,3462,6848,6848,2.8437,43,6456,1,6.5805,0,6456,1,3.9182,1,2.7971,40,6522,1,0.43214,1.01666,1,0.0697674
"25x25/3r",1,2024,625,2954,3401,6577,6577,3.1057,38,6275,1,14.0135,0,6275,1,11.3573,1,2.8087,38,6275,1,0.221622,1.10574,1,0
"25x25/3r",1,999,625,2934,3459,5823,5823,2.8435,37,5840,1,17.9577,0,5840,1,13.0691,1,4.7526,35,5889,1,0.158344,0.598304,1,0.0540541
